읍면동,연도,항목,값
염치읍,2015,총인구 (명),7643.0
염치읍,2015,남자 (명),4052.0
염치읍,2015,여자 (명),3591.0
염치읍,2015,내국인-계 (명),7287.0
염치읍,2015,내국인-남자 (명),3792.0
염치읍,2015,내국인-여자 (명),3495.0
염치읍,2015,외국인-계 (명),356.0
염치읍,2015,외국인-남자 (명),260.0
염치읍,2015,외국인-여자 (명),96.0
염치읍,2015,가구-계 (가구),2937.0
염치읍,2015,일반가구 (가구),2854.0
염치읍,2015,집단가구 (가구),8.0
염치읍,2015,외국인가구 (가구),75.0
염치읍,2015,주택_계 (호),2994.0
염치읍,2015,주택_단독주택 (호),1481.0
염치읍,2015,주택_아파트 (호),1283.0
염치읍,2015,주택_연립주택 (호),51.0
염치읍,2015,주택_다세대주택 (호),154.0
염치읍,2015,주택_비주거용 건물 내 주택 (호),25.0
염치읍,2015,주택 이외의 거처_계 (호),121.0
염치읍,2020,총인구 (명),6521.0
염치읍,2020,남자 (명),3455.0
염치읍,2020,여자 (명),3066.0
염치읍,2020,내국인-계 (명),6209.0
염치읍,2020,내국인-남자 (명),3224.0
염치읍,2020,내국인-여자 (명),2985.0
염치읍,2020,외국인-계 (명),312.0
염치읍,2020,외국인-남자 (명),231.0
염치읍,2020,외국인-여자 (명),81.0
염치읍,2020,가구-계 (가구),2789.0
염치읍,2020,일반가구 (가구),2723.0
염치읍,2020,집단가구 (가구),
염치읍,2020,외국인가구 (가구),63.0
염치읍,2020,주택_계 (호),3017.0
염치읍,2020,주택_단독주택 (호),1491.0
염치읍,2020,주택_아파트 (호),1283.0
염치읍,2020,주택_연립주택 (호),51.0
염치읍,2020,주택_다세대주택 (호),163.0
염치읍,2020,주택_비주거용 건물 내 주택 (호),29.0
염치읍,2020,주택 이외의 거처_계 (호),159.0
배방읍,2015,총인구 (명),68783.0
배방읍,2015,남자 (명),35132.0
배방읍,2015,여자 (명),33651.0
배방읍,2015,내국인-계 (명),67730.0
배방읍,2015,내국인-남자 (명),34617.0
배방읍,2015,내국인-여자 (명),33113.0
배방읍,2015,외국인-계 (명),1053.0
배방읍,2015,외국인-남자 (명),515.0
배방읍,2015,외국인-여자 (명),538.0
배방읍,2015,가구-계 (가구),24902.0
배방읍,2015,일반가구 (가구),24621.0
배방읍,2015,집단가구 (가구),14.0
배방읍,2015,외국인가구 (가구),267.0
배방읍,2015,주택_계 (호),22211.0
배방읍,2015,주택_단독주택 (호),2414.0
배방읍,2015,주택_아파트 (호),19184.0
배방읍,2015,주택_연립주택 (호),68.0
배방읍,2015,주택_다세대주택 (호),436.0
배방읍,2015,주택_비주거용 건물 내 주택 (호),109.0
배방읍,2015,주택 이외의 거처_계 (호),268.0
배방읍,2020,총인구 (명),76130.0
배방읍,2020,남자 (명),39045.0
배방읍,2020,여자 (명),37085.0
배방읍,2020,내국인-계 (명),74608.0
배방읍,2020,내국인-남자 (명),38234.0
배방읍,2020,내국인-여자 (명),36374.0
배방읍,2020,외국인-계 (명),1522.0
배방읍,2020,외국인-남자 (명),811.0
배방읍,2020,외국인-여자 (명),711.0
배방읍,2020,가구-계 (가구),30687.0
배방읍,2020,일반가구 (가구),30197.0
배방읍,2020,집단가구 (가구),15.0
배방읍,2020,외국인가구 (가구),475.0
배방읍,2020,주택_계 (호),27480.0
배방읍,2020,주택_단독주택 (호),2785.0
배방읍,2020,주택_아파트 (호),23904.0
배방읍,2020,주택_연립주택 (호),213.0
배방읍,2020,주택_다세대주택 (호),462.0
배방읍,2020,주택_비주거용 건물 내 주택 (호),116.0
배방읍,2020,주택 이외의 거처_계 (호),1387.0
송악면,2015,총인구 (명),4140.0
송악면,2015,남자 (명),2134.0
송악면,2015,여자 (명),2006.0
송악면,2015,내국인-계 (명),4075.0
송악면,2015,내국인-남자 (명),2105.0
송악면,2015,내국인-여자 (명),1970.0
송악면,2015,외국인-계 (명),65.0
송악면,2015,외국인-남자 (명),29.0
송악면,2015,외국인-여자 (명),36.0
송악면,2015,가구-계 (가구),1526.0
송악면,2015,일반가구 (가구),1510.0
송악면,2015,집단가구 (가구),
송악면,2015,외국인가구 (가구),12.0
송악면,2015,주택_계 (호),1408.0
송악면,2015,주택_단독주택 (호),1362.0
송악면,2015,주택_아파트 (호),
송악면,2015,주택_연립주택 (호),
송악면,2015,주택_다세대주택 (호),16.0
송악면,2015,주택_비주거용 건물 내 주택 (호),30.0
송악면,2015,주택 이외의 거처_계 (호),57.0
송악면,2020,총인구 (명),4045.0
송악면,2020,남자 (명),2043.0
송악면,2020,여자 (명),2002.0
송악면,2020,내국인-계 (명),3983.0
송악면,2020,내국인-남자 (명),2011.0
송악면,2020,내국인-여자 (명),1972.0
송악면,2020,외국인-계 (명),62.0
송악면,2020,외국인-남자 (명),32.0
송악면,2020,외국인-여자 (명),30.0
송악면,2020,가구-계 (가구),1618.0
송악면,2020,일반가구 (가구),1606.0
송악면,2020,집단가구 (가구),
송악면,2020,외국인가구 (가구),9.0
송악면,2020,주택_계 (호),1625.0
송악면,2020,주택_단독주택 (호),1585.0
송악면,2020,주택_아파트 (호),
송악면,2020,주택_연립주택 (호),
송악면,2020,주택_다세대주택 (호),16.0
송악면,2020,주택_비주거용 건물 내 주택 (호),24.0
송악면,2020,주택 이외의 거처_계 (호),63.0
탕정면,2015,총인구 (명),31421.0
탕정면,2015,남자 (명),16520.0
탕정면,2015,여자 (명),14901.0
탕정면,2015,내국인-계 (명),30547.0
탕정면,2015,내국인-남자 (명),16077.0
탕정면,2015,내국인-여자 (명),14470.0
탕정면,2015,외국인-계 (명),874.0
탕정면,2015,외국인-남자 (명),443.0
탕정면,2015,외국인-여자 (명),431.0
탕정면,2015,가구-계 (가구),8283.0
탕정면,2015,일반가구 (가구),8134.0
탕정면,2015,집단가구 (가구),18.0
탕정면,2015,외국인가구 (가구),131.0
탕정면,2015,주택_계 (호),7501.0
탕정면,2015,주택_단독주택 (호),1434.0
탕정면,2015,주택_아파트 (호),5552.0
탕정면,2015,주택_연립주택 (호),
탕정면,2015,주택_다세대주택 (호),462.0
탕정면,2015,주택_비주거용 건물 내 주택 (호),53.0
탕정면,2015,주택 이외의 거처_계 (호),99.0
탕정면,2020,총인구 (명),25367.0
탕정면,2020,남자 (명),13546.0
탕정면,2020,여자 (명),11821.0
탕정면,2020,내국인-계 (명),24106.0
탕정면,2020,내국인-남자 (명),12999.0
탕정면,2020,내국인-여자 (명),11107.0
탕정면,2020,외국인-계 (명),1261.0
탕정면,2020,외국인-남자 (명),547.0
탕정면,2020,외국인-여자 (명),714.0
탕정면,2020,가구-계 (가구),7834.0
탕정면,2020,일반가구 (가구),7684.0
탕정면,2020,집단가구 (가구),14.0
탕정면,2020,외국인가구 (가구),136.0
탕정면,2020,주택_계 (호),8548.0
탕정면,2020,주택_단독주택 (호),1588.0
탕정면,2020,주택_아파트 (호),6417.0
탕정면,2020,주택_연립주택 (호),
탕정면,2020,주택_다세대주택 (호),477.0
탕정면,2020,주택_비주거용 건물 내 주택 (호),66.0
탕정면,2020,주택 이외의 거처_계 (호),182.0
음봉면,2015,총인구 (명),17827.0
음봉면,2015,남자 (명),10106.0
음봉면,2015,여자 (명),7721.0
음봉면,2015,내국인-계 (명),16361.0
음봉면,2015,내국인-남자 (명),8975.0
음봉면,2015,내국인-여자 (명),7386.0
음봉면,2015,외국인-계 (명),1466.0
음봉면,2015,외국인-남자 (명),1131.0
음봉면,2015,외국인-여자 (명),335.0
음봉면,2015,가구-계 (가구),6273.0
음봉면,2015,일반가구 (가구),6015.0
음봉면,2015,집단가구 (가구),23.0
음봉면,2015,외국인가구 (가구),235.0
음봉면,2015,주택_계 (호),8626.0
음봉면,2015,주택_단독주택 (호),1611.0
음봉면,2015,주택_아파트 (호),6865.0
음봉면,2015,주택_연립주택 (호),34.0
음봉면,2015,주택_다세대주택 (호),77.0
음봉면,2015,주택_비주거용 건물 내 주택 (호),39.0
음봉면,2015,주택 이외의 거처_계 (호),284.0
음봉면,2020,총인구 (명),21423.0
음봉면,2020,남자 (명),12028.0
음봉면,2020,여자 (명),9395.0
음봉면,2020,내국인-계 (명),19860.0
음봉면,2020,내국인-남자 (명),10809.0
음봉면,2020,내국인-여자 (명),9051.0
음봉면,2020,외국인-계 (명),1563.0
음봉면,2020,외국인-남자 (명),1219.0
음봉면,2020,외국인-여자 (명),344.0
음봉면,2020,가구-계 (가구),8160.0
음봉면,2020,일반가구 (가구),7826.0
음봉면,2020,집단가구 (가구),21.0
음봉면,2020,외국인가구 (가구),313.0
음봉면,2020,주택_계 (호),9004.0
음봉면,2020,주택_단독주택 (호),1775.0
음봉면,2020,주택_아파트 (호),6885.0
음봉면,2020,주택_연립주택 (호),212.0
음봉면,2020,주택_다세대주택 (호),79.0
음봉면,2020,주택_비주거용 건물 내 주택 (호),53.0
음봉면,2020,주택 이외의 거처_계 (호),414.0
둔포면,2015,총인구 (명),13592.0
둔포면,2015,남자 (명),8156.0
둔포면,2015,여자 (명),5436.0
둔포면,2015,내국인-계 (명),10614.0
둔포면,2015,내국인-남자 (명),5847.0
둔포면,2015,내국인-여자 (명),4767.0
둔포면,2015,외국인-계 (명),2978.0
둔포면,2015,외국인-남자 (명),2309.0
둔포면,2015,외국인-여자 (명),669.0
둔포면,2015,가구-계 (가구),5240.0
둔포면,2015,일반가구 (가구),4598.0
둔포면,2015,집단가구 (가구),12.0
둔포면,2015,외국인가구 (가구),630.0
둔포면,2015,주택_계 (호),4394.0
둔포면,2015,주택_단독주택 (호),1823.0
둔포면,2015,주택_아파트 (호),1846.0
둔포면,2015,주택_연립주택 (호),149.0
둔포면,2015,주택_다세대주택 (호),487.0
둔포면,2015,주택_비주거용 건물 내 주택 (호),89.0
둔포면,2015,주택 이외의 거처_계 (호),325.0
둔포면,2020,총인구 (명),27006.0
둔포면,2020,남자 (명),15861.0
둔포면,2020,여자 (명),11145.0
둔포면,2020,내국인-계 (명),20824.0
둔포면,2020,내국인-남자 (명),11778.0
둔포면,2020,내국인-여자 (명),9046.0
둔포면,2020,외국인-계 (명),6182.0
둔포면,2020,외국인-남자 (명),4083.0
둔포면,2020,외국인-여자 (명),2099.0
둔포면,2020,가구-계 (가구),11903.0
둔포면,2020,일반가구 (가구),9860.0
둔포면,2020,집단가구 (가구),30.0
둔포면,2020,외국인가구 (가구),2013.0
둔포면,2020,주택_계 (호),9235.0
둔포면,2020,주택_단독주택 (호),2631.0
둔포면,2020,주택_아파트 (호),5635.0
둔포면,2020,주택_연립주택 (호),251.0
둔포면,2020,주택_다세대주택 (호),611.0
둔포면,2020,주택_비주거용 건물 내 주택 (호),107.0
둔포면,2020,주택 이외의 거처_계 (호),534.0
영인면,2015,총인구 (명),7009.0
영인면,2015,남자 (명),3972.0
영인면,2015,여자 (명),3037.0
영인면,2015,내국인-계 (명),5954.0
영인면,2015,내국인-남자 (명),3139.0
영인면,2015,내국인-여자 (명),2815.0
영인면,2015,외국인-계 (명),1055.0
영인면,2015,외국인-남자 (명),833.0
영인면,2015,외국인-여자 (명),222.0
영인면,2015,가구-계 (가구),2567.0
영인면,2015,일반가구 (가구),2385.0
영인면,2015,집단가구 (가구),18.0
영인면,2015,외국인가구 (가구),164.0
영인면,2015,주택_계 (호),2079.0
영인면,2015,주택_단독주택 (호),1929.0
영인면,2015,주택_아파트 (호),
영인면,2015,주택_연립주택 (호),
영인면,2015,주택_다세대주택 (호),115.0
영인면,2015,주택_비주거용 건물 내 주택 (호),35.0
영인면,2015,주택 이외의 거처_계 (호),203.0
영인면,2020,총인구 (명),6144.0
영인면,2020,남자 (명),3527.0
영인면,2020,여자 (명),2617.0
영인면,2020,내국인-계 (명),5256.0
영인면,2020,내국인-남자 (명),2779.0
영인면,2020,내국인-여자 (명),2477.0
영인면,2020,외국인-계 (명),888.0
영인면,2020,외국인-남자 (명),748.0
영인면,2020,외국인-여자 (명),140.0
영인면,2020,가구-계 (가구),2506.0
영인면,2020,일반가구 (가구),2313.0
영인면,2020,집단가구 (가구),16.0
영인면,2020,외국인가구 (가구),177.0
영인면,2020,주택_계 (호),2208.0
영인면,2020,주택_단독주택 (호),2043.0
영인면,2020,주택_아파트 (호),
영인면,2020,주택_연립주택 (호),
영인면,2020,주택_다세대주택 (호),131.0
영인면,2020,주택_비주거용 건물 내 주택 (호),34.0
영인면,2020,주택 이외의 거처_계 (호),259.0
인주면,2015,총인구 (명),8406.0
인주면,2015,남자 (명),4825.0
인주면,2015,여자 (명),3581.0
인주면,2015,내국인-계 (명),7459.0
인주면,2015,내국인-남자 (명),4091.0
인주면,2015,내국인-여자 (명),3368.0
인주면,2015,외국인-계 (명),947.0
인주면,2015,외국인-남자 (명),734.0
인주면,2015,외국인-여자 (명),213.0
인주면,2015,가구-계 (가구),3556.0
인주면,2015,일반가구 (가구),3366.0
인주면,2015,집단가구 (가구),9.0
인주면,2015,외국인가구 (가구),181.0
인주면,2015,주택_계 (호),3452.0
인주면,2015,주택_단독주택 (호),1271.0
인주면,2015,주택_아파트 (호),1969.0
인주면,2015,주택_연립주택 (호),109.0
인주면,2015,주택_다세대주택 (호),65.0
인주면,2015,주택_비주거용 건물 내 주택 (호),38.0
인주면,2015,주택 이외의 거처_계 (호),122.0
인주면,2020,총인구 (명),7382.0
인주면,2020,남자 (명),4432.0
인주면,2020,여자 (명),2950.0
인주면,2020,내국인-계 (명),6340.0
인주면,2020,내국인-남자 (명),3586.0
인주면,2020,내국인-여자 (명),2754.0
인주면,2020,외국인-계 (명),1042.0
인주면,2020,외국인-남자 (명),846.0
인주면,2020,외국인-여자 (명),196.0
인주면,2020,가구-계 (가구),3248.0
인주면,2020,일반가구 (가구),3011.0
인주면,2020,집단가구 (가구),17.0
인주면,2020,외국인가구 (가구),220.0
인주면,2020,주택_계 (호),3420.0
인주면,2020,주택_단독주택 (호),1235.0
인주면,2020,주택_아파트 (호),1969.0
인주면,2020,주택_연립주택 (호),109.0
인주면,2020,주택_다세대주택 (호),65.0
인주면,2020,주택_비주거용 건물 내 주택 (호),42.0
인주면,2020,주택 이외의 거처_계 (호),172.0
선장면,2015,총인구 (명),3753.0
선장면,2015,남자 (명),2056.0
선장면,2015,여자 (명),1697.0
선장면,2015,내국인-계 (명),3274.0
선장면,2015,내국인-남자 (명),1676.0
선장면,2015,내국인-여자 (명),1598.0
선장면,2015,외국인-계 (명),479.0
선장면,2015,외국인-남자 (명),380.0
선장면,2015,외국인-여자 (명),99.0
선장면,2015,가구-계 (가구),1482.0
선장면,2015,일반가구 (가구),1426.0
선장면,2015,집단가구 (가구),7.0
선장면,2015,외국인가구 (가구),49.0
선장면,2015,주택_계 (호),1183.0
선장면,2015,주택_단독주택 (호),1171.0
선장면,2015,주택_아파트 (호),
선장면,2015,주택_연립주택 (호),
선장면,2015,주택_다세대주택 (호),
선장면,2015,주택_비주거용 건물 내 주택 (호),12.0
선장면,2015,주택 이외의 거처_계 (호),62.0
선장면,2020,총인구 (명),3408.0
선장면,2020,남자 (명),1948.0
선장면,2020,여자 (명),1460.0
선장면,2020,내국인-계 (명),2886.0
선장면,2020,내국인-남자 (명),1479.0
선장면,2020,내국인-여자 (명),1407.0
선장면,2020,외국인-계 (명),522.0
선장면,2020,외국인-남자 (명),469.0
선장면,2020,외국인-여자 (명),53.0
선장면,2020,가구-계 (가구),1481.0
선장면,2020,일반가구 (가구),1400.0
선장면,2020,집단가구 (가구),8.0
선장면,2020,외국인가구 (가구),73.0
선장면,2020,주택_계 (호),1180.0
선장면,2020,주택_단독주택 (호),1165.0
선장면,2020,주택_아파트 (호),
선장면,2020,주택_연립주택 (호),
선장면,2020,주택_다세대주택 (호),
선장면,2020,주택_비주거용 건물 내 주택 (호),15.0
선장면,2020,주택 이외의 거처_계 (호),110.0
도고면,2015,총인구 (명),4756.0
도고면,2015,남자 (명),2404.0
도고면,2015,여자 (명),2352.0
도고면,2015,내국인-계 (명),4589.0
도고면,2015,내국인-남자 (명),2303.0
도고면,2015,내국인-여자 (명),2286.0
도고면,2015,외국인-계 (명),167.0
도고면,2015,외국인-남자 (명),101.0
도고면,2015,외국인-여자 (명),66.0
도고면,2015,가구-계 (가구),1993.0
도고면,2015,일반가구 (가구),1948.0
도고면,2015,집단가구 (가구),7.0
도고면,2015,외국인가구 (가구),38.0
도고면,2015,주택_계 (호),1796.0
도고면,2015,주택_단독주택 (호),1499.0
도고면,2015,주택_아파트 (호),14.0
도고면,2015,주택_연립주택 (호),50.0
도고면,2015,주택_다세대주택 (호),199.0
도고면,2015,주택_비주거용 건물 내 주택 (호),34.0
도고면,2015,주택 이외의 거처_계 (호),92.0
도고면,2020,총인구 (명),4578.0
도고면,2020,남자 (명),2250.0
도고면,2020,여자 (명),2328.0
도고면,2020,내국인-계 (명),4463.0
도고면,2020,내국인-남자 (명),2183.0
도고면,2020,내국인-여자 (명),2280.0
도고면,2020,외국인-계 (명),115.0
도고면,2020,외국인-남자 (명),67.0
도고면,2020,외국인-여자 (명),48.0
도고면,2020,가구-계 (가구),2001.0
도고면,2020,일반가구 (가구),1963.0
도고면,2020,집단가구 (가구),
도고면,2020,외국인가구 (가구),35.0
도고면,2020,주택_계 (호),1845.0
도고면,2020,주택_단독주택 (호),1500.0
도고면,2020,주택_아파트 (호),14.0
도고면,2020,주택_연립주택 (호),50.0
도고면,2020,주택_다세대주택 (호),246.0
도고면,2020,주택_비주거용 건물 내 주택 (호),35.0
도고면,2020,주택 이외의 거처_계 (호),134.0
신창면,2015,총인구 (명),30346.0
신창면,2015,남자 (명),15934.0
신창면,2015,여자 (명),14412.0
신창면,2015,내국인-계 (명),26924.0
신창면,2015,내국인-남자 (명),13846.0
신창면,2015,내국인-여자 (명),13078.0
신창면,2015,외국인-계 (명),3422.0
신창면,2015,외국인-남자 (명),2088.0
신창면,2015,외국인-여자 (명),1334.0
신창면,2015,가구-계 (가구),11094.0
신창면,2015,일반가구 (가구),9942.0
신창면,2015,집단가구 (가구),15.0
신창면,2015,외국인가구 (가구),1137.0
신창면,2015,주택_계 (호),10563.0
신창면,2015,주택_단독주택 (호),1576.0
신창면,2015,주택_아파트 (호),8740.0
신창면,2015,주택_연립주택 (호),16.0
신창면,2015,주택_다세대주택 (호),184.0
신창면,2015,주택_비주거용 건물 내 주택 (호),47.0
신창면,2015,주택 이외의 거처_계 (호),198.0
신창면,2020,총인구 (명),28881.0
신창면,2020,남자 (명),15360.0
신창면,2020,여자 (명),13521.0
신창면,2020,내국인-계 (명),21353.0
신창면,2020,내국인-남자 (명),10970.0
신창면,2020,내국인-여자 (명),10383.0
신창면,2020,외국인-계 (명),7528.0
신창면,2020,외국인-남자 (명),4390.0
신창면,2020,외국인-여자 (명),3138.0
신창면,2020,가구-계 (가구),12513.0
신창면,2020,일반가구 (가구),9898.0
신창면,2020,집단가구 (가구),24.0
신창면,2020,외국인가구 (가구),2591.0
신창면,2020,주택_계 (호),10684.0
신창면,2020,주택_단독주택 (호),1692.0
신창면,2020,주택_아파트 (호),8740.0
신창면,2020,주택_연립주택 (호),16.0
신창면,2020,주택_다세대주택 (호),184.0
신창면,2020,주택_비주거용 건물 내 주택 (호),52.0
신창면,2020,주택 이외의 거처_계 (호),266.0
온양1동,2015,총인구 (명),6538.0
온양1동,2015,남자 (명),3429.0
온양1동,2015,여자 (명),3109.0
온양1동,2015,내국인-계 (명),6144.0
온양1동,2015,내국인-남자 (명),3219.0
온양1동,2015,내국인-여자 (명),2925.0
온양1동,2015,외국인-계 (명),394.0
온양1동,2015,외국인-남자 (명),210.0
온양1동,2015,외국인-여자 (명),184.0
온양1동,2015,가구-계 (가구),2749.0
온양1동,2015,일반가구 (가구),2539.0
온양1동,2015,집단가구 (가구),8.0
온양1동,2015,외국인가구 (가구),202.0
온양1동,2015,주택_계 (호),2019.0
온양1동,2015,주택_단독주택 (호),688.0
온양1동,2015,주택_아파트 (호),1008.0
온양1동,2015,주택_연립주택 (호),28.0
온양1동,2015,주택_다세대주택 (호),148.0
온양1동,2015,주택_비주거용 건물 내 주택 (호),147.0
온양1동,2015,주택 이외의 거처_계 (호),239.0
온양1동,2020,총인구 (명),9849.0
온양1동,2020,남자 (명),5112.0
온양1동,2020,여자 (명),4737.0
온양1동,2020,내국인-계 (명),9237.0
온양1동,2020,내국인-남자 (명),4826.0
온양1동,2020,내국인-여자 (명),4411.0
온양1동,2020,외국인-계 (명),612.0
온양1동,2020,외국인-남자 (명),286.0
온양1동,2020,외국인-여자 (명),326.0
온양1동,2020,가구-계 (가구),4283.0
온양1동,2020,일반가구 (가구),4032.0
온양1동,2020,집단가구 (가구),6.0
온양1동,2020,외국인가구 (가구),245.0
온양1동,2020,주택_계 (호),3528.0
온양1동,2020,주택_단독주택 (호),691.0
온양1동,2020,주택_아파트 (호),2454.0
온양1동,2020,주택_연립주택 (호),76.0
온양1동,2020,주택_다세대주택 (호),151.0
온양1동,2020,주택_비주거용 건물 내 주택 (호),156.0
온양1동,2020,주택 이외의 거처_계 (호),202.0
온양2동,2015,총인구 (명),8752.0
온양2동,2015,남자 (명),4377.0
온양2동,2015,여자 (명),4375.0
온양2동,2015,내국인-계 (명),7910.0
온양2동,2015,내국인-남자 (명),3920.0
온양2동,2015,내국인-여자 (명),3990.0
온양2동,2015,외국인-계 (명),842.0
온양2동,2015,외국인-남자 (명),457.0
온양2동,2015,외국인-여자 (명),385.0
온양2동,2015,가구-계 (가구),3594.0
온양2동,2015,일반가구 (가구),3174.0
온양2동,2015,집단가구 (가구),
온양2동,2015,외국인가구 (가구),417.0
온양2동,2015,주택_계 (호),2290.0
온양2동,2015,주택_단독주택 (호),772.0
온양2동,2015,주택_아파트 (호),1104.0
온양2동,2015,주택_연립주택 (호),177.0
온양2동,2015,주택_다세대주택 (호),182.0
온양2동,2015,주택_비주거용 건물 내 주택 (호),55.0
온양2동,2015,주택 이외의 거처_계 (호),78.0
온양2동,2020,총인구 (명),8251.0
온양2동,2020,남자 (명),4147.0
온양2동,2020,여자 (명),4104.0
온양2동,2020,내국인-계 (명),7002.0
온양2동,2020,내국인-남자 (명),3487.0
온양2동,2020,내국인-여자 (명),3515.0
온양2동,2020,외국인-계 (명),1249.0
온양2동,2020,외국인-남자 (명),660.0
온양2동,2020,외국인-여자 (명),589.0
온양2동,2020,가구-계 (가구),3681.0
온양2동,2020,일반가구 (가구),3124.0
온양2동,2020,집단가구 (가구),
온양2동,2020,외국인가구 (가구),553.0
온양2동,2020,주택_계 (호),2550.0
온양2동,2020,주택_단독주택 (호),759.0
온양2동,2020,주택_아파트 (호),1360.0
온양2동,2020,주택_연립주택 (호),189.0
온양2동,2020,주택_다세대주택 (호),186.0
온양2동,2020,주택_비주거용 건물 내 주택 (호),56.0
온양2동,2020,주택 이외의 거처_계 (호),79.0
온양3동,2015,총인구 (명),32624.0
온양3동,2015,남자 (명),16165.0
온양3동,2015,여자 (명),16459.0
온양3동,2015,내국인-계 (명),31803.0
온양3동,2015,내국인-남자 (명),15779.0
온양3동,2015,내국인-여자 (명),16024.0
온양3동,2015,외국인-계 (명),821.0
온양3동,2015,외국인-남자 (명),386.0
온양3동,2015,외국인-여자 (명),435.0
온양3동,2015,가구-계 (가구),11546.0
온양3동,2015,일반가구 (가구),11196.0
온양3동,2015,집단가구 (가구),8.0
온양3동,2015,외국인가구 (가구),342.0
온양3동,2015,주택_계 (호),10558.0
온양3동,2015,주택_단독주택 (호),1108.0
온양3동,2015,주택_아파트 (호),7655.0
온양3동,2015,주택_연립주택 (호),176.0
온양3동,2015,주택_다세대주택 (호),1518.0
온양3동,2015,주택_비주거용 건물 내 주택 (호),101.0
온양3동,2015,주택 이외의 거처_계 (호),302.0
온양3동,2020,총인구 (명),36835.0
온양3동,2020,남자 (명),18371.0
온양3동,2020,여자 (명),18464.0
온양3동,2020,내국인-계 (명),35769.0
온양3동,2020,내국인-남자 (명),17883.0
온양3동,2020,내국인-여자 (명),17886.0
온양3동,2020,외국인-계 (명),1066.0
온양3동,2020,외국인-남자 (명),488.0
온양3동,2020,외국인-여자 (명),578.0
온양3동,2020,가구-계 (가구),13974.0
온양3동,2020,일반가구 (가구),13562.0
온양3동,2020,집단가구 (가구),
온양3동,2020,외국인가구 (가구),410.0
온양3동,2020,주택_계 (호),12646.0
온양3동,2020,주택_단독주택 (호),1067.0
온양3동,2020,주택_아파트 (호),9738.0
온양3동,2020,주택_연립주택 (호),176.0
온양3동,2020,주택_다세대주택 (호),1550.0
온양3동,2020,주택_비주거용 건물 내 주택 (호),115.0
온양3동,2020,주택 이외의 거처_계 (호),240.0
온양4동,2015,총인구 (명),20887.0
온양4동,2015,남자 (명),10841.0
온양4동,2015,여자 (명),10046.0
온양4동,2015,내국인-계 (명),19888.0
온양4동,2015,내국인-남자 (명),10204.0
온양4동,2015,내국인-여자 (명),9684.0
온양4동,2015,외국인-계 (명),999.0
온양4동,2015,외국인-남자 (명),637.0
온양4동,2015,외국인-여자 (명),362.0
온양4동,2015,가구-계 (가구),7492.0
온양4동,2015,일반가구 (가구),7224.0
온양4동,2015,집단가구 (가구),6.0
온양4동,2015,외국인가구 (가구),262.0
온양4동,2015,주택_계 (호),7702.0
온양4동,2015,주택_단독주택 (호),754.0
온양4동,2015,주택_아파트 (호),6415.0
온양4동,2015,주택_연립주택 (호),291.0
온양4동,2015,주택_다세대주택 (호),207.0
온양4동,2015,주택_비주거용 건물 내 주택 (호),35.0
온양4동,2015,주택 이외의 거처_계 (호),107.0
온양4동,2020,총인구 (명),19911.0
온양4동,2020,남자 (명),10241.0
온양4동,2020,여자 (명),9670.0
온양4동,2020,내국인-계 (명),18300.0
온양4동,2020,내국인-남자 (명),9343.0
온양4동,2020,내국인-여자 (명),8957.0
온양4동,2020,외국인-계 (명),1611.0
온양4동,2020,외국인-남자 (명),898.0
온양4동,2020,외국인-여자 (명),713.0
온양4동,2020,가구-계 (가구),7845.0
온양4동,2020,일반가구 (가구),7343.0
온양4동,2020,집단가구 (가구),7.0
온양4동,2020,외국인가구 (가구),495.0
온양4동,2020,주택_계 (호),8446.0
온양4동,2020,주택_단독주택 (호),761.0
온양4동,2020,주택_아파트 (호),7032.0
온양4동,2020,주택_연립주택 (호),339.0
온양4동,2020,주택_다세대주택 (호),265.0
온양4동,2020,주택_비주거용 건물 내 주택 (호),49.0
온양4동,2020,주택 이외의 거처_계 (호),108.0
온양5동,2015,총인구 (명),27646.0
온양5동,2015,남자 (명),14011.0
온양5동,2015,여자 (명),13635.0
온양5동,2015,내국인-계 (명),26889.0
온양5동,2015,내국인-남자 (명),13637.0
온양5동,2015,내국인-여자 (명),13252.0
온양5동,2015,외국인-계 (명),757.0
온양5동,2015,외국인-남자 (명),374.0
온양5동,2015,외국인-여자 (명),383.0
온양5동,2015,가구-계 (가구),10448.0
온양5동,2015,일반가구 (가구),10091.0
온양5동,2015,집단가구 (가구),
온양5동,2015,외국인가구 (가구),354.0
온양5동,2015,주택_계 (호),8135.0
온양5동,2015,주택_단독주택 (호),1522.0
온양5동,2015,주택_아파트 (호),6003.0
온양5동,2015,주택_연립주택 (호),218.0
온양5동,2015,주택_다세대주택 (호),341.0
온양5동,2015,주택_비주거용 건물 내 주택 (호),51.0
온양5동,2015,주택 이외의 거처_계 (호),62.0
온양5동,2020,총인구 (명),25970.0
온양5동,2020,남자 (명),13307.0
온양5동,2020,여자 (명),12663.0
온양5동,2020,내국인-계 (명),24400.0
온양5동,2020,내국인-남자 (명),12534.0
온양5동,2020,내국인-여자 (명),11866.0
온양5동,2020,외국인-계 (명),1570.0
온양5동,2020,외국인-남자 (명),773.0
온양5동,2020,외국인-여자 (명),797.0
온양5동,2020,가구-계 (가구),10672.0
온양5동,2020,일반가구 (가구),10032.0
온양5동,2020,집단가구 (가구),5.0
온양5동,2020,외국인가구 (가구),635.0
온양5동,2020,주택_계 (호),8304.0
온양5동,2020,주택_단독주택 (호),1529.0
온양5동,2020,주택_아파트 (호),6098.0
온양5동,2020,주택_연립주택 (호),234.0
온양5동,2020,주택_다세대주택 (호),361.0
온양5동,2020,주택_비주거용 건물 내 주택 (호),82.0
온양5동,2020,주택 이외의 거처_계 (호),95.0
온양6동,2015,총인구 (명),25806.0
온양6동,2015,남자 (명),12706.0
온양6동,2015,여자 (명),13100.0
온양6동,2015,내국인-계 (명),25268.0
온양6동,2015,내국인-남자 (명),12445.0
온양6동,2015,내국인-여자 (명),12823.0
온양6동,2015,외국인-계 (명),538.0
온양6동,2015,외국인-남자 (명),261.0
온양6동,2015,외국인-여자 (명),277.0
온양6동,2015,가구-계 (가구),9699.0
온양6동,2015,일반가구 (가구),9578.0
온양6동,2015,집단가구 (가구),7.0
온양6동,2015,외국인가구 (가구),114.0
온양6동,2015,주택_계 (호),10187.0
온양6동,2015,주택_단독주택 (호),644.0
온양6동,2015,주택_아파트 (호),9346.0
온양6동,2015,주택_연립주택 (호),64.0
온양6동,2015,주택_다세대주택 (호),103.0
온양6동,2015,주택_비주거용 건물 내 주택 (호),30.0
온양6동,2015,주택 이외의 거처_계 (호),82.0
온양6동,2020,총인구 (명),28817.0
온양6동,2020,남자 (명),14185.0
온양6동,2020,여자 (명),14632.0
온양6동,2020,내국인-계 (명),28236.0
온양6동,2020,내국인-남자 (명),13959.0
온양6동,2020,내국인-여자 (명),14277.0
온양6동,2020,외국인-계 (명),581.0
온양6동,2020,외국인-남자 (명),226.0
온양6동,2020,외국인-여자 (명),355.0
온양6동,2020,가구-계 (가구),11588.0
온양6동,2020,일반가구 (가구),11438.0
온양6동,2020,집단가구 (가구),
온양6동,2020,외국인가구 (가구),146.0
온양6동,2020,주택_계 (호),12599.0
온양6동,2020,주택_단독주택 (호),637.0
온양6동,2020,주택_아파트 (호),11738.0
온양6동,2020,주택_연립주택 (호),64.0
온양6동,2020,주택_다세대주택 (호),132.0
온양6동,2020,주택_비주거용 건물 내 주택 (호),28.0
온양6동,2020,주택 이외의 거처_계 (호),109.0
