시도,성별,연령대,연도,인구수
충청남도,계,계,2014,2087600
충청남도,계,0 - 4세,2014,98885
충청남도,계,5 - 9세,2014,96922
충청남도,계,10 - 14세,2014,109870
충청남도,계,15 - 19세,2014,138950
충청남도,계,20 - 24세,2014,139208
충청남도,계,25 - 29세,2014,128911
충청남도,계,30 - 34세,2014,160240
충청남도,계,35 - 39세,2014,152392
충청남도,계,40 - 44세,2014,170107
충청남도,계,45 - 49세,2014,162124
충청남도,계,50 - 54세,2014,163867
충청남도,계,55 - 59세,2014,141140
충청남도,계,60 - 64세,2014,103547
충청남도,계,65 - 69세,2014,85733
충청남도,계,70 - 74세,2014,85480
충청남도,계,75 - 79세,2014,76114
충청남도,계,80세이상,2014,74110
충청남도,계,80 - 84세,2014,45567
충청남도,계,85 - 89세,2014,20233
충청남도,계,90 - 94세,2014,6825
충청남도,계,95 - 99세,2014,1330
충청남도,계,100세 이상,2014,155
충청남도,남자,계,2014,1067014
충청남도,남자,0 - 4세,2014,51047
충청남도,남자,5 - 9세,2014,50190
충청남도,남자,10 - 14세,2014,57217
충청남도,남자,15 - 19세,2014,72067
충청남도,남자,20 - 24세,2014,75034
충청남도,남자,25 - 29세,2014,71624
충청남도,남자,30 - 34세,2014,88122
충청남도,남자,35 - 39세,2014,82422
충청남도,남자,40 - 44세,2014,91453
충청남도,남자,45 - 49세,2014,85997
충청남도,남자,50 - 54세,2014,85823
충청남도,남자,55 - 59세,2014,71865
충청남도,남자,60 - 64세,2014,50928
충청남도,남자,65 - 69세,2014,41604
충청남도,남자,70 - 74세,2014,37024
충청남도,남자,75 - 79세,2014,30498
충청남도,남자,80세이상,2014,24099
충청남도,남자,80 - 84세,2014,16172
충청남도,남자,85 - 89세,2014,5992
충청남도,남자,90 - 94세,2014,1634
충청남도,남자,95 - 99세,2014,284
충청남도,남자,100세 이상,2014,17
충청남도,여자,계,2014,1020586
충청남도,여자,0 - 4세,2014,47838
충청남도,여자,5 - 9세,2014,46732
충청남도,여자,10 - 14세,2014,52653
충청남도,여자,15 - 19세,2014,66883
충청남도,여자,20 - 24세,2014,64174
충청남도,여자,25 - 29세,2014,57287
충청남도,여자,30 - 34세,2014,72118
충청남도,여자,35 - 39세,2014,69970
충청남도,여자,40 - 44세,2014,78654
충청남도,여자,45 - 49세,2014,76127
충청남도,여자,50 - 54세,2014,78044
충청남도,여자,55 - 59세,2014,69275
충청남도,여자,60 - 64세,2014,52619
충청남도,여자,65 - 69세,2014,44129
충청남도,여자,70 - 74세,2014,48456
충청남도,여자,75 - 79세,2014,45616
충청남도,여자,80세이상,2014,50011
충청남도,여자,80 - 84세,2014,29395
충청남도,여자,85 - 89세,2014,14241
충청남도,여자,90 - 94세,2014,5191
충청남도,여자,95 - 99세,2014,1046
충청남도,여자,100세 이상,2014,138
충청남도,계,계,2015,2102811
충청남도,계,0 - 4세,2015,98388
충청남도,계,5 - 9세,2015,97390
충청남도,계,10 - 14세,2015,102891
충청남도,계,15 - 19세,2015,137444
충청남도,계,20 - 24세,2015,142632
충청남도,계,25 - 29세,2015,127450
충청남도,계,30 - 34세,2015,154752
충청남도,계,35 - 39세,2015,155202
충청남도,계,40 - 44세,2015,169527
충청남도,계,45 - 49세,2015,162010
충청남도,계,50 - 54세,2015,165773
충청남도,계,55 - 59세,2015,148927
충청남도,계,60 - 64세,2015,110736
충청남도,계,65 - 69세,2015,90895
충청남도,계,70 - 74세,2015,83725
충청남도,계,75 - 79세,2015,75958
충청남도,계,80세이상,2015,79111
충청남도,계,80 - 84세,2015,49179
충청남도,계,85 - 89세,2015,21373
충청남도,계,90 - 94세,2015,6944
충청남도,계,95 - 99세,2015,1443
충청남도,계,100세 이상,2015,172
충청남도,남자,계,2015,1075649
충청남도,남자,0 - 4세,2015,50700
충청남도,남자,5 - 9세,2015,50325
충청남도,남자,10 - 14세,2015,53353
충청남도,남자,15 - 19세,2015,71852
충청남도,남자,20 - 24세,2015,76796
충청남도,남자,25 - 29세,2015,71034
충청남도,남자,30 - 34세,2015,85367
충청남도,남자,35 - 39세,2015,83990
충청남도,남자,40 - 44세,2015,91276
충청남도,남자,45 - 49세,2015,85782
충청남도,남자,50 - 54세,2015,87452
충청남도,남자,55 - 59세,2015,75841
충청남도,남자,60 - 64세,2015,54699
충청남도,남자,65 - 69세,2015,44344
충청남도,남자,70 - 74세,2015,36583
충청남도,남자,75 - 79세,2015,30502
충청남도,남자,80세이상,2015,25753
충청남도,남자,80 - 84세,2015,17585
충청남도,남자,85 - 89세,2015,6204
충청남도,남자,90 - 94세,2015,1645
충청남도,남자,95 - 99세,2015,301
충청남도,남자,100세 이상,2015,18
충청남도,여자,계,2015,1027162
충청남도,여자,0 - 4세,2015,47688
충청남도,여자,5 - 9세,2015,47065
충청남도,여자,10 - 14세,2015,49538
충청남도,여자,15 - 19세,2015,65592
충청남도,여자,20 - 24세,2015,65836
충청남도,여자,25 - 29세,2015,56416
충청남도,여자,30 - 34세,2015,69385
충청남도,여자,35 - 39세,2015,71212
충청남도,여자,40 - 44세,2015,78251
충청남도,여자,45 - 49세,2015,76228
충청남도,여자,50 - 54세,2015,78321
충청남도,여자,55 - 59세,2015,73086
충청남도,여자,60 - 64세,2015,56037
충청남도,여자,65 - 69세,2015,46551
충청남도,여자,70 - 74세,2015,47142
충청남도,여자,75 - 79세,2015,45456
충청남도,여자,80세이상,2015,53358
충청남도,여자,80 - 84세,2015,31594
충청남도,여자,85 - 89세,2015,15169
충청남도,여자,90 - 94세,2015,5299
충청남도,여자,95 - 99세,2015,1142
충청남도,여자,100세 이상,2015,154
충청남도,계,계,2016,2126174
충청남도,계,0 - 4세,2016,96671
충청남도,계,5 - 9세,2016,100018
충청남도,계,10 - 14세,2016,97176
충청남도,계,15 - 19세,2016,136297
충청남도,계,20 - 24세,2016,147461
충청남도,계,25 - 29세,2016,127638
충청남도,계,30 - 34세,2016,149260
충청남도,계,35 - 39세,2016,158956
충청남도,계,40 - 44세,2016,165535
충청남도,계,45 - 49세,2016,169235
충청남도,계,50 - 54세,2016,158485
충청남도,계,55 - 59세,2016,160606
충청남도,계,60 - 64세,2016,121123
충청남도,계,65 - 69세,2016,96480
충청남도,계,70 - 74세,2016,80321
충청남도,계,75 - 79세,2016,74760
충청남도,계,80세이상,2016,86152
충청남도,계,80 - 84세,2016,54064
충청남도,계,85 - 89세,2016,22853
충청남도,계,90 - 94세,2016,7490
충청남도,계,95 - 99세,2016,1547
충청남도,계,100세 이상,2016,198
충청남도,남자,계,2016,1087515
충청남도,남자,0 - 4세,2016,49542
충청남도,남자,5 - 9세,2016,51803
충청남도,남자,10 - 14세,2016,50336
충청남도,남자,15 - 19세,2016,70852
충청남도,남자,20 - 24세,2016,79328
충청남도,남자,25 - 29세,2016,71283
충청남도,남자,30 - 34세,2016,82184
충청남도,남자,35 - 39세,2016,86503
충청남도,남자,40 - 44세,2016,88656
충청남도,남자,45 - 49세,2016,89958
충청남도,남자,50 - 54세,2016,83710
충청남도,남자,55 - 59세,2016,82019
충청남도,남자,60 - 64세,2016,60219
충청남도,남자,65 - 69세,2016,47051
충청남도,남자,70 - 74세,2016,35722
충청남도,남자,75 - 79세,2016,30142
충청남도,남자,80세이상,2016,28207
충청남도,남자,80 - 84세,2016,19543
충청남도,남자,85 - 89세,2016,6573
충청남도,남자,90 - 94세,2016,1771
충청남도,남자,95 - 99세,2016,301
충청남도,남자,100세 이상,2016,19
충청남도,여자,계,2016,1038659
충청남도,여자,0 - 4세,2016,47129
충청남도,여자,5 - 9세,2016,48215
충청남도,여자,10 - 14세,2016,46840
충청남도,여자,15 - 19세,2016,65445
충청남도,여자,20 - 24세,2016,68133
충청남도,여자,25 - 29세,2016,56355
충청남도,여자,30 - 34세,2016,67076
충청남도,여자,35 - 39세,2016,72453
충청남도,여자,40 - 44세,2016,76879
충청남도,여자,45 - 49세,2016,79277
충청남도,여자,50 - 54세,2016,74775
충청남도,여자,55 - 59세,2016,78587
충청남도,여자,60 - 64세,2016,60904
충청남도,여자,65 - 69세,2016,49429
충청남도,여자,70 - 74세,2016,44599
충청남도,여자,75 - 79세,2016,44618
충청남도,여자,80세이상,2016,57945
충청남도,여자,80 - 84세,2016,34521
충청남도,여자,85 - 89세,2016,16280
충청남도,여자,90 - 94세,2016,5719
충청남도,여자,95 - 99세,2016,1246
충청남도,여자,100세 이상,2016,179
충청남도,계,계,2017,2153380
충청남도,계,0 - 4세,2017,93942
충청남도,계,5 - 9세,2017,101997
충청남도,계,10 - 14세,2017,95939
충청남도,계,15 - 19세,2017,131692
충청남도,계,20 - 24세,2017,147756
충청남도,계,25 - 29세,2017,131090
충청남도,계,30 - 34세,2017,144017
충청남도,계,35 - 39세,2017,165871
충청남도,계,40 - 44세,2017,162998
충청남도,계,45 - 49세,2017,173684
충청남도,계,50 - 54세,2017,159431
충청남도,계,55 - 59세,2017,167155
충청남도,계,60 - 64세,2017,127505
충청남도,계,65 - 69세,2017,100421
충청남도,계,70 - 74세,2017,79040
충청남도,계,75 - 79세,2017,78006
충청남도,계,80세이상,2017,92836
충청남도,계,80 - 84세,2017,57264
충청남도,계,85 - 89세,2017,25522
충청남도,계,90 - 94세,2017,8017
충청남도,계,95 - 99세,2017,1813
충청남도,계,100세 이상,2017,220
충청남도,남자,계,2017,1103324
충청남도,남자,0 - 4세,2017,47921
충청남도,남자,5 - 9세,2017,52778
충청남도,남자,10 - 14세,2017,49694
충청남도,남자,15 - 19세,2017,68587
충청남도,남자,20 - 24세,2017,79804
충청남도,남자,25 - 29세,2017,73989
충청남도,남자,30 - 34세,2017,79425
충청남도,남자,35 - 39세,2017,90362
충청남도,남자,40 - 44세,2017,87193
충청남도,남자,45 - 49세,2017,92599
충청남도,남자,50 - 54세,2017,84227
충청남도,남자,55 - 59세,2017,85611
충청남도,남자,60 - 64세,2017,63664
충청남도,남자,65 - 69세,2017,48966
충청남도,남자,70 - 74세,2017,36185
충청남도,남자,75 - 79세,2017,31646
충청남도,남자,80세이상,2017,30673
충청남도,남자,80 - 84세,2017,20877
충청남도,남자,85 - 89세,2017,7481
충청남도,남자,90 - 94세,2017,1936
충청남도,남자,95 - 99세,2017,354
충청남도,남자,100세 이상,2017,25
충청남도,여자,계,2017,1050056
충청남도,여자,0 - 4세,2017,46021
충청남도,여자,5 - 9세,2017,49219
충청남도,여자,10 - 14세,2017,46245
충청남도,여자,15 - 19세,2017,63105
충청남도,여자,20 - 24세,2017,67952
충청남도,여자,25 - 29세,2017,57101
충청남도,여자,30 - 34세,2017,64592
충청남도,여자,35 - 39세,2017,75509
충청남도,여자,40 - 44세,2017,75805
충청남도,여자,45 - 49세,2017,81085
충청남도,여자,50 - 54세,2017,75204
충청남도,여자,55 - 59세,2017,81544
충청남도,여자,60 - 64세,2017,63841
충청남도,여자,65 - 69세,2017,51455
충청남도,여자,70 - 74세,2017,42855
충청남도,여자,75 - 79세,2017,46360
충청남도,여자,80세이상,2017,62163
충청남도,여자,80 - 84세,2017,36387
충청남도,여자,85 - 89세,2017,18041
충청남도,여자,90 - 94세,2017,6081
충청남도,여자,95 - 99세,2017,1459
충청남도,여자,100세 이상,2017,195
충청남도,계,계,2018,2177105
충청남도,계,0 - 4세,2018,89922
충청남도,계,5 - 9세,2018,101817
충청남도,계,10 - 14세,2018,97559
충청남도,계,15 - 19세,2018,126260
충청남도,계,20 - 24세,2018,147773
충청남도,계,25 - 29세,2018,134366
충청남도,계,30 - 34세,2018,140258
충청남도,계,35 - 39세,2018,170607
충청남도,계,40 - 44세,2018,160845
충청남도,계,45 - 49세,2018,177806
충청남도,계,50 - 54세,2018,159390
충청남도,계,55 - 59세,2018,173043
충청남도,계,60 - 64세,2018,137206
충청남도,계,65 - 69세,2018,102404
충청남도,계,70 - 74세,2018,79348
충청남도,계,75 - 79세,2018,79828
충청남도,계,80세이상,2018,98673
충청남도,계,80 - 84세,2018,59468
충청남도,계,85 - 89세,2018,28166
충청남도,계,90 - 94세,2018,8559
충청남도,계,95 - 99세,2018,2234
충청남도,계,100세 이상,2018,246
충청남도,남자,계,2018,1117512
충청남도,남자,0 - 4세,2018,45946
충청남도,남자,5 - 9세,2018,52440
충청남도,남자,10 - 14세,2018,50491
충청남도,남자,15 - 19세,2018,65822
충청남도,남자,20 - 24세,2018,80511
충청남도,남자,25 - 29세,2018,76187
충청남도,남자,30 - 34세,2018,77647
충청남도,남자,35 - 39세,2018,92808
충청남도,남자,40 - 44세,2018,86343
충청남도,남자,45 - 49세,2018,95086
충청남도,남자,50 - 54세,2018,84082
충청남도,남자,55 - 59세,2018,88981
충청남도,남자,60 - 64세,2018,68855
충청남도,남자,65 - 69세,2018,49854
충청남도,남자,70 - 74세,2018,37019
충청남도,남자,75 - 79세,2018,32693
충청남도,남자,80세이상,2018,32747
충청남도,남자,80 - 84세,2018,21815
충청남도,남자,85 - 89세,2018,8428
충청남도,남자,90 - 94세,2018,2055
충청남도,남자,95 - 99세,2018,415
충청남도,남자,100세 이상,2018,34
충청남도,여자,계,2018,1059593
충청남도,여자,0 - 4세,2018,43976
충청남도,여자,5 - 9세,2018,49377
충청남도,여자,10 - 14세,2018,47068
충청남도,여자,15 - 19세,2018,60438
충청남도,여자,20 - 24세,2018,67262
충청남도,여자,25 - 29세,2018,58179
충청남도,여자,30 - 34세,2018,62611
충청남도,여자,35 - 39세,2018,77799
충청남도,여자,40 - 44세,2018,74502
충청남도,여자,45 - 49세,2018,82720
충청남도,여자,50 - 54세,2018,75308
충청남도,여자,55 - 59세,2018,84062
충청남도,여자,60 - 64세,2018,68351
충청남도,여자,65 - 69세,2018,52550
충청남도,여자,70 - 74세,2018,42329
충청남도,여자,75 - 79세,2018,47135
충청남도,여자,80세이상,2018,65926
충청남도,여자,80 - 84세,2018,37653
충청남도,여자,85 - 89세,2018,19738
충청남도,여자,90 - 94세,2018,6504
충청남도,여자,95 - 99세,2018,1819
충청남도,여자,100세 이상,2018,212
충청남도,계,계,2019,2189132
충청남도,계,0 - 4세,2019,85074
충청남도,계,5 - 9세,2019,101166
충청남도,계,10 - 14세,2019,97857
충청남도,계,15 - 19세,2019,121220
충청남도,계,20 - 24세,2019,145945
충청남도,계,25 - 29세,2019,136444
충청남도,계,30 - 34세,2019,138078
충청남도,계,35 - 39세,2019,169411
충청남도,계,40 - 44세,2019,158204
충청남도,계,45 - 49세,2019,176605
충청남도,계,50 - 54세,2019,169174
충청남도,계,55 - 59세,2019,171315
충청남도,계,60 - 64세,2019,146976
충청남도,계,65 - 69세,2019,104793
충청남도,계,70 - 74세,2019,83079
충청남도,계,75 - 79세,2019,78444
충청남도,계,80세이상,2019,105347
충청남도,계,80 - 84세,2019,62282
충청남도,계,85 - 89세,2019,30767
충청남도,계,90 - 94세,2019,9807
충청남도,계,95 - 99세,2019,2212
충청남도,계,100세 이상,2019,279
충청남도,남자,계,2019,1124672
충청남도,남자,0 - 4세,2019,43361
충청남도,남자,5 - 9세,2019,52101
충청남도,남자,10 - 14세,2019,50643
충청남도,남자,15 - 19세,2019,62992
충청남도,남자,20 - 24세,2019,79447
충청남도,남자,25 - 29세,2019,77762
충청남도,남자,30 - 34세,2019,76883
충청남도,남자,35 - 39세,2019,91795
충청남도,남자,40 - 44세,2019,85140
충청남도,남자,45 - 49세,2019,94790
충청남도,남자,50 - 54세,2019,89151
충청남도,남자,55 - 59세,2019,88814
충청남도,남자,60 - 64세,2019,73810
충청남도,남자,65 - 69세,2019,50938
충청남도,남자,70 - 74세,2019,39517
충청남도,남자,75 - 79세,2019,32392
충청남도,남자,80세이상,2019,35136
충청남도,남자,80 - 84세,2019,22839
충청남도,남자,85 - 89세,2019,9497
충청남도,남자,90 - 94세,2019,2352
충청남도,남자,95 - 99세,2019,406
충청남도,남자,100세 이상,2019,42
충청남도,여자,계,2019,1064460
충청남도,여자,0 - 4세,2019,41713
충청남도,여자,5 - 9세,2019,49065
충청남도,여자,10 - 14세,2019,47214
충청남도,여자,15 - 19세,2019,58228
충청남도,여자,20 - 24세,2019,66498
충청남도,여자,25 - 29세,2019,58682
충청남도,여자,30 - 34세,2019,61195
충청남도,여자,35 - 39세,2019,77616
충청남도,여자,40 - 44세,2019,73064
충청남도,여자,45 - 49세,2019,81815
충청남도,여자,50 - 54세,2019,80023
충청남도,여자,55 - 59세,2019,82501
충청남도,여자,60 - 64세,2019,73166
충청남도,여자,65 - 69세,2019,53855
충청남도,여자,70 - 74세,2019,43562
충청남도,여자,75 - 79세,2019,46052
충청남도,여자,80세이상,2019,70211
충청남도,여자,80 - 84세,2019,39443
충청남도,여자,85 - 89세,2019,21270
충청남도,여자,90 - 94세,2019,7455
충청남도,여자,95 - 99세,2019,1806
충청남도,여자,100세 이상,2019,237
충청남도,계,계,2020,2176641
충청남도,계,0 - 4세,2020,77960
충청남도,계,5 - 9세,2020,100270
충청남도,계,10 - 14세,2020,98940
충청남도,계,15 - 19세,2020,110232
충청남도,계,20 - 24세,2020,139136
충청남도,계,25 - 29세,2020,135374
충청남도,계,30 - 34세,2020,135086
충청남도,계,35 - 39세,2020,161086
충청남도,계,40 - 44세,2020,159659
충청남도,계,45 - 49세,2020,174601
충청남도,계,50 - 54세,2020,167748
충청남도,계,55 - 59세,2020,171937
충청남도,계,60 - 64세,2020,154780
충청남도,계,65 - 69세,2020,112640
충청남도,계,70 - 74세,2020,89237
충청남도,계,75 - 79세,2020,77517
충청남도,계,80세이상,2020,110438
충청남도,계,80 - 84세,2020,62895
충청남도,계,85 - 89세,2020,34133
충청남도,계,90 - 94세,2020,10837
충청남도,계,95 - 99세,2020,2237
충청남도,계,100세 이상,2020,336
충청남도,남자,계,2020,1117283
충청남도,남자,0 - 4세,2020,39765
충청남도,남자,5 - 9세,2020,51552
충청남도,남자,10 - 14세,2020,51145
충청남도,남자,15 - 19세,2020,57214
충청남도,남자,20 - 24세,2020,75452
충청남도,남자,25 - 29세,2020,77501
충청남도,남자,30 - 34세,2020,75241
충청남도,남자,35 - 39세,2020,87364
충청남도,남자,40 - 44세,2020,85610
충청남도,남자,45 - 49세,2020,93373
충청남도,남자,50 - 54세,2020,88329
충청남도,남자,55 - 59세,2020,89900
충청남도,남자,60 - 64세,2020,77743
충청남도,남자,65 - 69세,2020,55000
충청남도,남자,70 - 74세,2020,42716
충청남도,남자,75 - 79세,2020,32443
충청남도,남자,80세이상,2020,36935
충청남도,남자,80 - 84세,2020,23190
충청남도,남자,85 - 89세,2020,10657
충청남도,남자,90 - 94세,2020,2605
충청남도,남자,95 - 99세,2020,426
충청남도,남자,100세 이상,2020,57
충청남도,여자,계,2020,1059358
충청남도,여자,0 - 4세,2020,38195
충청남도,여자,5 - 9세,2020,48718
충청남도,여자,10 - 14세,2020,47795
충청남도,여자,15 - 19세,2020,53018
충청남도,여자,20 - 24세,2020,63684
충청남도,여자,25 - 29세,2020,57873
충청남도,여자,30 - 34세,2020,59845
충청남도,여자,35 - 39세,2020,73722
충청남도,여자,40 - 44세,2020,74049
충청남도,여자,45 - 49세,2020,81228
충청남도,여자,50 - 54세,2020,79419
충청남도,여자,55 - 59세,2020,82037
충청남도,여자,60 - 64세,2020,77037
충청남도,여자,65 - 69세,2020,57640
충청남도,여자,70 - 74세,2020,46521
충청남도,여자,75 - 79세,2020,45074
충청남도,여자,80세이상,2020,73503
충청남도,여자,80 - 84세,2020,39705
충청남도,여자,85 - 89세,2020,23476
충청남도,여자,90 - 94세,2020,8232
충청남도,여자,95 - 99세,2020,1811
충청남도,여자,100세 이상,2020,279
충청남도,계,계,2021,2175014
충청남도,계,0 - 4세,2021,71124
충청남도,계,5 - 9세,2021,97973
충청남도,계,10 - 14세,2021,101312
충청남도,계,15 - 19세,2021,103968
충청남도,계,20 - 24세,2021,135035
충청남도,계,25 - 29세,2021,134329
충청남도,계,30 - 34세,2021,132416
충청남도,계,35 - 39세,2021,153619
충청남도,계,40 - 44세,2021,162846
충청남도,계,45 - 49세,2021,170374
충청남도,계,50 - 54세,2021,174956
충청남도,계,55 - 59세,2021,163725
충청남도,계,60 - 64세,2021,167129
충청남도,계,65 - 69세,2021,122683
충청남도,계,70 - 74세,2021,94462
충청남도,계,75 - 79세,2021,74252
충청남도,계,80세이상,2021,114811
충청남도,계,80 - 84세,2021,62348
충청남도,계,85 - 89세,2021,37811
충청남도,계,90 - 94세,2021,11824
충청남도,계,95 - 99세,2021,2452
충청남도,계,100세 이상,2021,376
충청남도,남자,계,2021,1116221
충청남도,남자,0 - 4세,2021,36407
충청남도,남자,5 - 9세,2021,50132
충청남도,남자,10 - 14세,2021,52562
충청남도,남자,15 - 19세,2021,53645
충청남도,남자,20 - 24세,2021,72626
충청남도,남자,25 - 29세,2021,76988
충청남도,남자,30 - 34세,2021,73893
충청남도,남자,35 - 39세,2021,83238
충청남도,남자,40 - 44세,2021,87727
충청남도,남자,45 - 49세,2021,90721
충청남도,남자,50 - 54세,2021,92478
충청남도,남자,55 - 59세,2021,85731
충청남도,남자,60 - 64세,2021,84457
충청남도,남자,65 - 69세,2021,60223
충청남도,남자,70 - 74세,2021,45151
충청남도,남자,75 - 79세,2021,31724
충청남도,남자,80세이상,2021,38518
충청남도,남자,80 - 84세,2021,23151
충청남도,남자,85 - 89세,2021,12006
충청남도,남자,90 - 94세,2021,2830
충청남도,남자,95 - 99세,2021,478
충청남도,남자,100세 이상,2021,53
충청남도,여자,계,2021,1058793
충청남도,여자,0 - 4세,2021,34717
충청남도,여자,5 - 9세,2021,47841
충청남도,여자,10 - 14세,2021,48750
충청남도,여자,15 - 19세,2021,50323
충청남도,여자,20 - 24세,2021,62409
충청남도,여자,25 - 29세,2021,57341
충청남도,여자,30 - 34세,2021,58523
충청남도,여자,35 - 39세,2021,70381
충청남도,여자,40 - 44세,2021,75119
충청남도,여자,45 - 49세,2021,79653
충청남도,여자,50 - 54세,2021,82478
충청남도,여자,55 - 59세,2021,77994
충청남도,여자,60 - 64세,2021,82672
충청남도,여자,65 - 69세,2021,62460
충청남도,여자,70 - 74세,2021,49311
충청남도,여자,75 - 79세,2021,42528
충청남도,여자,80세이상,2021,76293
충청남도,여자,80 - 84세,2021,39197
충청남도,여자,85 - 89세,2021,25805
충청남도,여자,90 - 94세,2021,8994
충청남도,여자,95 - 99세,2021,1974
충청남도,여자,100세 이상,2021,323
충청남도,계,계,2022,2185996
충청남도,계,0 - 4세,2022,65086
충청남도,계,5 - 9세,2022,93966
충청남도,계,10 - 14세,2022,102654
충청남도,계,15 - 19세,2022,105190
충청남도,계,20 - 24세,2022,132220
충청남도,계,25 - 29세,2022,133270
충청남도,계,30 - 34세,2022,133301
충청남도,계,35 - 39세,2022,146177
충청남도,계,40 - 44세,2022,168393
충청남도,계,45 - 49세,2022,166446
충청남도,계,50 - 54세,2022,178722
충청남도,계,55 - 59세,2022,164487
충청남도,계,60 - 64세,2022,173363
충청남도,계,65 - 69세,2022,129281
충청남도,계,70 - 74세,2022,98516
충청남도,계,75 - 79세,2022,73246
충청남도,계,80세이상,2022,121678
충청남도,계,80 - 84세,2022,65422
충청남도,계,85 - 89세,2022,39941
충청남도,계,90 - 94세,2022,13272
충청남도,계,95 - 99세,2022,2625
충청남도,계,100세 이상,2022,418
충청남도,남자,계,2022,1123401
충청남도,남자,0 - 4세,2022,33280
충청남도,남자,5 - 9세,2022,48046
충청남도,남자,10 - 14세,2022,53206
충청남도,남자,15 - 19세,2022,54434
충청남도,남자,20 - 24세,2022,71138
충청남도,남자,25 - 29세,2022,76542
충청남도,남자,30 - 34세,2022,74900
충청남도,남자,35 - 39세,2022,79407
충청남도,남자,40 - 44세,2022,90768
충청남도,남자,45 - 49세,2022,88472
충청남도,남자,50 - 54세,2022,94863
충청남도,남자,55 - 59세,2022,86116
충청남도,남자,60 - 64세,2022,87938
충청남도,남자,65 - 69세,2022,63762
충청남도,남자,70 - 74세,2022,47116
충청남도,남자,75 - 79세,2022,32321
충청남도,남자,80세이상,2022,41092
충청남도,남자,80 - 84세,2022,24495
충청남도,남자,85 - 89세,2022,12804
충청남도,남자,90 - 94세,2022,3209
충청남도,남자,95 - 99세,2022,522
충청남도,남자,100세 이상,2022,62
충청남도,여자,계,2022,1062595
충청남도,여자,0 - 4세,2022,31806
충청남도,여자,5 - 9세,2022,45920
충청남도,여자,10 - 14세,2022,49448
충청남도,여자,15 - 19세,2022,50756
충청남도,여자,20 - 24세,2022,61082
충청남도,여자,25 - 29세,2022,56728
충청남도,여자,30 - 34세,2022,58401
충청남도,여자,35 - 39세,2022,66770
충청남도,여자,40 - 44세,2022,77625
충청남도,여자,45 - 49세,2022,77974
충청남도,여자,50 - 54세,2022,83859
충청남도,여자,55 - 59세,2022,78371
충청남도,여자,60 - 64세,2022,85425
충청남도,여자,65 - 69세,2022,65519
충청남도,여자,70 - 74세,2022,51400
충청남도,여자,75 - 79세,2022,40925
충청남도,여자,80세이상,2022,80586
충청남도,여자,80 - 84세,2022,40927
충청남도,여자,85 - 89세,2022,27137
충청남도,여자,90 - 94세,2022,10063
충청남도,여자,95 - 99세,2022,2103
충청남도,여자,100세 이상,2022,356
충청남도,계,계,2023,2204306
충청남도,계,0 - 4세,2023,60484
충청남도,계,5 - 9세,2023,89250
충청남도,계,10 - 14세,2023,101906
충청남도,계,15 - 19세,2023,103931
충청남도,계,20 - 24세,2023,131537
충청남도,계,25 - 29세,2023,134651
충청남도,계,30 - 34세,2023,137633
충청남도,계,35 - 39세,2023,141697
충청남도,계,40 - 44세,2023,171732
충청남도,계,45 - 49세,2023,163732
충청남도,계,50 - 54세,2023,182707
충청남도,계,55 - 59세,2023,164608
충청남도,계,60 - 64세,2023,180042
충청남도,계,65 - 69세,2023,139151
충청남도,계,70 - 74세,2023,100432
충청남도,계,75 - 79세,2023,73956
충청남도,계,80세이상,2023,126857
충청남도,계,80 - 84세,2023,67252
충청남도,계,85 - 89세,2023,41535
충청남도,계,90 - 94세,2023,14733
충청남도,계,95 - 99세,2023,2851
충청남도,계,100세 이상,2023,486
충청남도,남자,계,2023,1136294
충청남도,남자,0 - 4세,2023,30968
충청남도,남자,5 - 9세,2023,45770
충청남도,남자,10 - 14세,2023,52618
충청남도,남자,15 - 19세,2023,54237
충청남도,남자,20 - 24세,2023,70364
충청남도,남자,25 - 29세,2023,78532
충청남도,남자,30 - 34세,2023,78238
충청남도,남자,35 - 39세,2023,77607
충청남도,남자,40 - 44세,2023,92482
충청남도,남자,45 - 49세,2023,87122
충청남도,남자,50 - 54세,2023,97169
충청남도,남자,55 - 59세,2023,86009
충청남도,남자,60 - 64세,2023,91863
충청남도,남자,65 - 69세,2023,68988
충청남도,남자,70 - 74세,2023,47995
충청남도,남자,75 - 79세,2023,33387
충청남도,남자,80세이상,2023,42945
충청남도,남자,80 - 84세,2023,25438
충청남도,남자,85 - 89세,2023,13320
충청남도,남자,90 - 94세,2023,3580
충청남도,남자,95 - 99세,2023,540
충청남도,남자,100세 이상,2023,67
충청남도,여자,계,2023,1068012
충청남도,여자,0 - 4세,2023,29516
충청남도,여자,5 - 9세,2023,43480
충청남도,여자,10 - 14세,2023,49288
충청남도,여자,15 - 19세,2023,49694
충청남도,여자,20 - 24세,2023,61173
충청남도,여자,25 - 29세,2023,56119
충청남도,여자,30 - 34세,2023,59395
충청남도,여자,35 - 39세,2023,64090
충청남도,여자,40 - 44세,2023,79250
충청남도,여자,45 - 49세,2023,76610
충청남도,여자,50 - 54세,2023,85538
충청남도,여자,55 - 59세,2023,78599
충청남도,여자,60 - 64세,2023,88179
충청남도,여자,65 - 69세,2023,70163
충청남도,여자,70 - 74세,2023,52437
충청남도,여자,75 - 79세,2023,40569
충청남도,여자,80세이상,2023,83912
충청남도,여자,80 - 84세,2023,41814
충청남도,여자,85 - 89세,2023,28215
충청남도,여자,90 - 94세,2023,11153
충청남도,여자,95 - 99세,2023,2311
충청남도,여자,100세 이상,2023,419
충청남도,계,계,2024,2223801
충청남도,계,0 - 4세,2024,57252
충청남도,계,5 - 9세,2024,84694
충청남도,계,10 - 14세,2024,101645
충청남도,계,15 - 19세,2024,101463
충청남도,계,20 - 24세,2024,129655
충청남도,계,25 - 29세,2024,136319
충청남도,계,30 - 34세,2024,141454
충청남도,계,35 - 39세,2024,140553
충청남도,계,40 - 44세,2024,172035
충청남도,계,45 - 49세,2024,161925
충청남도,계,50 - 54세,2024,182174
충청남도,계,55 - 59세,2024,175349
충청남도,계,60 - 64세,2024,178514
충청남도,계,65 - 69세,2024,149749
충청남도,계,70 - 74세,2024,103187
충청남도,계,75 - 79세,2024,77560
충청남도,계,80세이상,2024,130273
충청남도,계,80 - 84세,2024,66186
충청남도,계,85 - 89세,2024,43879
충청남도,계,90 - 94세,2024,16344
충청남도,계,95 - 99세,2024,3395
충청남도,계,100세 이상,2024,469
충청남도,남자,계,2024,1149058
충청남도,남자,0 - 4세,2024,29373
충청남도,남자,5 - 9세,2024,43232
충청남도,남자,10 - 14세,2024,52527
충청남도,남자,15 - 19세,2024,53040
충청남도,남자,20 - 24세,2024,68916
충청남도,남자,25 - 29세,2024,79835
충청남도,남자,30 - 34세,2024,80835
충청남도,남자,35 - 39세,2024,77674
충청남도,남자,40 - 44세,2024,92735
충청남도,남자,45 - 49세,2024,86542
충청남도,남자,50 - 54세,2024,97179
충청남도,남자,55 - 59세,2024,91645
충청남도,남자,60 - 64세,2024,91663
충청남도,남자,65 - 69세,2024,74609
충청남도,남자,70 - 74세,2024,49299
충청남도,남자,75 - 79세,2024,35783
충청남도,남자,80세이상,2024,44171
충청남도,남자,80 - 84세,2024,25396
충청남도,남자,85 - 89세,2024,14055
충청남도,남자,90 - 94세,2024,4042
충청남도,남자,95 - 99세,2024,618
충청남도,남자,100세 이상,2024,60
충청남도,여자,계,2024,1074743
충청남도,여자,0 - 4세,2024,27879
충청남도,여자,5 - 9세,2024,41462
충청남도,여자,10 - 14세,2024,49118
충청남도,여자,15 - 19세,2024,48423
충청남도,여자,20 - 24세,2024,60739
충청남도,여자,25 - 29세,2024,56484
충청남도,여자,30 - 34세,2024,60619
충청남도,여자,35 - 39세,2024,62879
충청남도,여자,40 - 44세,2024,79300
충청남도,여자,45 - 49세,2024,75383
충청남도,여자,50 - 54세,2024,84995
충청남도,여자,55 - 59세,2024,83704
충청남도,여자,60 - 64세,2024,86851
충청남도,여자,65 - 69세,2024,75140
충청남도,여자,70 - 74세,2024,53888
충청남도,여자,75 - 79세,2024,41777
충청남도,여자,80세이상,2024,86102
충청남도,여자,80 - 84세,2024,40790
충청남도,여자,85 - 89세,2024,29824
충청남도,여자,90 - 94세,2024,12302
충청남도,여자,95 - 99세,2024,2777
충청남도,여자,100세 이상,2024,409
충청남도,계,계,2025,2229051
충청남도,계,0 - 4세,2025,54371
충청남도,계,5 - 9세,2025,78145
충청남도,계,10 - 14세,2025,101291
충청남도,계,15 - 19세,2025,101519
충청남도,계,20 - 24세,2025,120764
충청남도,계,25 - 29세,2025,136897
충청남도,계,30 - 34세,2025,143109
충청남도,계,35 - 39세,2025,139937
충청남도,계,40 - 44세,2025,165540
충청남도,계,45 - 49세,2025,164914
충청남도,계,50 - 54세,2025,181516
충청남도,계,55 - 59세,2025,175255
충청남도,계,60 - 64세,2025,179335
충청남도,계,65 - 69세,2025,158731
충청남도,계,70 - 74세,2025,111353
충청남도,계,75 - 79세,2025,83598
충청남도,계,80세이상,2025,132776
충청남도,계,80 - 84세,2025,65306
충청남도,계,85 - 89세,2025,44703
충청남도,계,90 - 94세,2025,18456
충청남도,계,95 - 99세,2025,3835
충청남도,계,100세 이상,2025,476
충청남도,남자,계,2025,1153235
충청남도,남자,0 - 4세,2025,27840
충청남도,남자,5 - 9세,2025,39962
충청남도,남자,10 - 14세,2025,52297
충청남도,남자,15 - 19세,2025,52769
충청남도,남자,20 - 24세,2025,64475
충청남도,남자,25 - 29세,2025,79513
충청남도,남자,30 - 34세,2025,82454
충청남도,남자,35 - 39세,2025,77830
충청남도,남자,40 - 44세,2025,89600
충청남도,남자,45 - 49세,2025,88180
충청남도,남자,50 - 54세,2025,96887
충청남도,남자,55 - 59세,2025,91690
충청남도,남자,60 - 64세,2025,92839
충청남도,남자,65 - 69세,2025,79335
충청남도,남자,70 - 74세,2025,53474
충청남도,남자,75 - 79세,2025,38873
충청남도,남자,80세이상,2025,45217
충청남도,남자,80 - 84세,2025,25478
충청남도,남자,85 - 89세,2025,14350
충청남도,남자,90 - 94세,2025,4646
충청남도,남자,95 - 99세,2025,681
충청남도,남자,100세 이상,2025,62
충청남도,여자,계,2025,1075816
충청남도,여자,0 - 4세,2025,26531
충청남도,여자,5 - 9세,2025,38183
충청남도,여자,10 - 14세,2025,48994
충청남도,여자,15 - 19세,2025,48750
충청남도,여자,20 - 24세,2025,56289
충청남도,여자,25 - 29세,2025,57384
충청남도,여자,30 - 34세,2025,60655
충청남도,여자,35 - 39세,2025,62107
충청남도,여자,40 - 44세,2025,75940
충청남도,여자,45 - 49세,2025,76734
충청남도,여자,50 - 54세,2025,84629
충청남도,여자,55 - 59세,2025,83565
충청남도,여자,60 - 64세,2025,86496
충청남도,여자,65 - 69세,2025,79396
충청남도,여자,70 - 74세,2025,57879
충청남도,여자,75 - 79세,2025,44725
충청남도,여자,80세이상,2025,87559
충청남도,여자,80 - 84세,2025,39828
충청남도,여자,85 - 89세,2025,30353
충청남도,여자,90 - 94세,2025,13810
충청남도,여자,95 - 99세,2025,3154
충청남도,여자,100세 이상,2025,414
충청남도,계,계,2026,2233847
충청남도,계,0 - 4세,2026,52413
충청남도,계,5 - 9세,2026,71338
충청남도,계,10 - 14세,2026,98890
충청남도,계,15 - 19세,2026,103242
충청남도,계,20 - 24세,2026,112494
충청남도,계,25 - 29세,2026,136242
충청남도,계,30 - 34세,2026,144993
충청남도,계,35 - 39세,2026,139212
충청남도,계,40 - 44세,2026,159089
충청남도,계,45 - 49세,2026,168684
충청남도,계,50 - 54세,2026,177500
충청남도,계,55 - 59세,2026,183067
충청남도,계,60 - 64세,2026,171745
충청남도,계,65 - 69세,2026,171680
충청남도,계,70 - 74세,2026,121737
충청남도,계,75 - 79세,2026,88539
충청남도,계,80세이상,2026,132982
충청남도,계,80 - 84세,2026,62881
충청남도,계,85 - 89세,2026,44774
충청남도,계,90 - 94세,2026,20566
충청남도,계,95 - 99세,2026,4241
충청남도,계,100세 이상,2026,520
충청남도,남자,계,2026,1157090
충청남도,남자,0 - 4세,2026,26694
충청남도,남자,5 - 9세,2026,36642
충청남도,남자,10 - 14세,2026,50893
충청남도,남자,15 - 19세,2026,53671
충청남도,남자,20 - 24세,2026,60507
충청남도,남자,25 - 29세,2026,78483
충청남도,남자,30 - 34세,2026,83878
충청남도,남자,35 - 39세,2026,77826
충청남도,남자,40 - 44세,2026,86271
충청남도,남자,45 - 49세,2026,90761
충청남도,남자,50 - 54세,2026,94344
충청남도,남자,55 - 59세,2026,96151
충청남도,남자,60 - 64세,2026,89189
충청남도,남자,65 - 69세,2026,86242
충청남도,남자,70 - 74세,2026,58864
충청남도,남자,75 - 79세,2026,41048
충청남도,남자,80세이상,2026,45626
충청남도,남자,80 - 84세,2026,25060
충청남도,남자,85 - 89세,2026,14500
충청남도,남자,90 - 94세,2026,5270
충청남도,남자,95 - 99세,2026,733
충청남도,남자,100세 이상,2026,63
충청남도,여자,계,2026,1076757
충청남도,여자,0 - 4세,2026,25719
충청남도,여자,5 - 9세,2026,34696
충청남도,여자,10 - 14세,2026,47997
충청남도,여자,15 - 19세,2026,49571
충청남도,여자,20 - 24세,2026,51987
충청남도,여자,25 - 29세,2026,57759
충청남도,여자,30 - 34세,2026,61115
충청남도,여자,35 - 39세,2026,61386
충청남도,여자,40 - 44세,2026,72818
충청남도,여자,45 - 49세,2026,77923
충청남도,여자,50 - 54세,2026,83156
충청남도,여자,55 - 59세,2026,86916
충청남도,여자,60 - 64세,2026,82556
충청남도,여자,65 - 69세,2026,85438
충청남도,여자,70 - 74세,2026,62873
충청남도,여자,75 - 79세,2026,47491
충청남도,여자,80세이상,2026,87356
충청남도,여자,80 - 84세,2026,37821
충청남도,여자,85 - 89세,2026,30274
충청남도,여자,90 - 94세,2026,15296
충청남도,여자,95 - 99세,2026,3508
충청남도,여자,100세 이상,2026,457
충청남도,계,계,2027,2238820
충청남도,계,0 - 4세,2027,51801
충청남도,계,5 - 9세,2027,65376
충청남도,계,10 - 14세,2027,94899
충청남도,계,15 - 19세,2027,104305
충청남도,계,20 - 24세,2027,108436
충청남도,계,25 - 29세,2027,132312
충청남도,계,30 - 34세,2027,144632
충청남도,계,35 - 39세,2027,140906
충청남도,계,40 - 44세,2027,151598
충청남도,계,45 - 49세,2027,174594
충청남도,계,50 - 54세,2027,173338
충청남도,계,55 - 59세,2027,187056
충청남도,계,60 - 64세,2027,172774
충청남도,계,65 - 69세,2027,177762
충청남도,계,70 - 74세,2027,128393
충청남도,계,75 - 79세,2027,92497
충청남도,계,80세이상,2027,138141
충청남도,계,80 - 84세,2027,62652
충청남도,계,85 - 89세,2027,47812
충청남도,계,90 - 94세,2027,22117
충청남도,계,95 - 99세,2027,4970
충청남도,계,100세 이상,2027,590
충청남도,남자,계,2027,1160924
충청남도,남자,0 - 4세,2027,26417
충청남도,남자,5 - 9세,2027,33533
충청남도,남자,10 - 14세,2027,48746
충청남도,남자,15 - 19세,2027,54171
충청남도,남자,20 - 24세,2027,58981
충청남도,남자,25 - 29세,2027,75583
충청남도,남자,30 - 34세,2027,83921
충청남도,남자,35 - 39세,2027,79198
충청남도,남자,40 - 44세,2027,82459
충청남도,남자,45 - 49세,2027,93926
충청남도,남자,50 - 54세,2027,92010
충청남도,남자,55 - 59세,2027,98668
충청남도,남자,60 - 64세,2027,89898
충청남도,남자,65 - 69세,2027,89637
충청남도,남자,70 - 74세,2027,62502
충청남도,남자,75 - 79세,2027,42956
충청남도,남자,80세이상,2027,48318
충청남도,남자,80 - 84세,2027,25913
충청남도,남자,85 - 89세,2027,15720
충청남도,남자,90 - 94세,2027,5741
충청남도,남자,95 - 99세,2027,872
충청남도,남자,100세 이상,2027,72
충청남도,여자,계,2027,1077896
충청남도,여자,0 - 4세,2027,25384
충청남도,여자,5 - 9세,2027,31843
충청남도,여자,10 - 14세,2027,46153
충청남도,여자,15 - 19세,2027,50134
충청남도,여자,20 - 24세,2027,49455
충청남도,여자,25 - 29세,2027,56729
충청남도,여자,30 - 34세,2027,60711
충청남도,여자,35 - 39세,2027,61708
충청남도,여자,40 - 44세,2027,69139
충청남도,여자,45 - 49세,2027,80668
충청남도,여자,50 - 54세,2027,81328
충청남도,여자,55 - 59세,2027,88388
충청남도,여자,60 - 64세,2027,82876
충청남도,여자,65 - 69세,2027,88125
충청남도,여자,70 - 74세,2027,65891
충청남도,여자,75 - 79세,2027,49541
충청남도,여자,80세이상,2027,89823
충청남도,여자,80 - 84세,2027,36739
충청남도,여자,85 - 89세,2027,32092
충청남도,여자,90 - 94세,2027,16376
충청남도,여자,95 - 99세,2027,4098
충청남도,여자,100세 이상,2027,518
충청남도,계,계,2028,2243868
충청남도,계,0 - 4세,2028,51924
충청남도,계,5 - 9세,2028,60659
충청남도,계,10 - 14세,2028,89915
충청남도,계,15 - 19세,2028,103367
충청남도,계,20 - 24세,2028,106380
충청남도,계,25 - 29세,2028,128109
충청남도,계,30 - 34세,2028,143499
충청남도,계,35 - 39세,2028,143684
충청남도,계,40 - 44세,2028,145405
충청남도,계,45 - 49세,2028,177476
충청남도,계,50 - 54세,2028,169763
충청남도,계,55 - 59세,2028,190761
충청남도,계,60 - 64세,2028,172545
충청남도,계,65 - 69세,2028,184050
충청남도,계,70 - 74세,2028,138353
충청남도,계,75 - 79세,2028,94609
충청남도,계,80세이상,2028,143369
충청남도,계,80 - 84세,2028,63901
충청남도,계,85 - 89세,2028,49762
충청남도,계,90 - 94세,2028,23364
충청남도,계,95 - 99세,2028,5654
충청남도,계,100세 이상,2028,688
충청남도,남자,계,2028,1164698
충청남도,남자,0 - 4세,2028,26486
충청남도,남자,5 - 9세,2028,31150
충청남도,남자,10 - 14세,2028,46258
충청남도,남자,15 - 19세,2028,53527
충청남도,남자,20 - 24세,2028,57892
충청남도,남자,25 - 29세,2028,72685
충청남도,남자,30 - 34세,2028,83661
충청남도,남자,35 - 39세,2028,81229
충청남도,남자,40 - 44세,2028,79392
충청남도,남자,45 - 49세,2028,95382
충청남도,남자,50 - 54세,2028,90285
충청남도,남자,55 - 59세,2028,100882
충청남도,남자,60 - 64세,2028,89752
충청남도,남자,65 - 69세,2028,93347
충청남도,남자,70 - 74세,2028,67781
충청남도,남자,75 - 79세,2028,44020
충청남도,남자,80세이상,2028,50969
충청남도,남자,80 - 84세,2028,27124
충청남도,남자,85 - 89세,2028,16621
충청남도,남자,90 - 94세,2028,6128
충청남도,남자,95 - 99세,2028,1016
충청남도,남자,100세 이상,2028,80
충청남도,여자,계,2028,1079170
충청남도,여자,0 - 4세,2028,25438
충청남도,여자,5 - 9세,2028,29509
충청남도,여자,10 - 14세,2028,43657
충청남도,여자,15 - 19세,2028,49840
충청남도,여자,20 - 24세,2028,48488
충청남도,여자,25 - 29세,2028,55424
충청남도,여자,30 - 34세,2028,59838
충청남도,여자,35 - 39세,2028,62455
충청남도,여자,40 - 44세,2028,66013
충청남도,여자,45 - 49세,2028,82094
충청남도,여자,50 - 54세,2028,79478
충청남도,여자,55 - 59세,2028,89879
충청남도,여자,60 - 64세,2028,82793
충청남도,여자,65 - 69세,2028,90703
충청남도,여자,70 - 74세,2028,70572
충청남도,여자,75 - 79세,2028,50589
충청남도,여자,80세이상,2028,92400
충청남도,여자,80 - 84세,2028,36777
충청남도,여자,85 - 89세,2028,33141
충청남도,여자,90 - 94세,2028,17236
충청남도,여자,95 - 99세,2028,4638
충청남도,여자,100세 이상,2028,608
충청남도,계,계,2029,2248859
충청남도,계,0 - 4세,2029,52783
충청남도,계,5 - 9세,2029,56878
충청남도,계,10 - 14세,2029,84820
충청남도,계,15 - 19세,2029,102680
충청남도,계,20 - 24세,2029,104213
충청남도,계,25 - 29세,2029,123310
충청남도,계,30 - 34세,2029,142095
충청남도,계,35 - 39세,2029,146427
충청남도,계,40 - 44세,2029,142507
충청남도,계,45 - 49세,2029,176120
충청남도,계,50 - 54세,2029,166847
충청남도,계,55 - 59세,2029,189446
충청남도,계,60 - 64세,2029,182741
충청남도,계,65 - 69세,2029,182485
충청남도,계,70 - 74세,2029,148993
충청남도,계,75 - 79세,2029,97644
충청남도,계,80세이상,2029,148870
충청남도,계,80 - 84세,2029,67481
충청남도,계,85 - 89세,2029,49346
충청남도,계,90 - 94세,2029,24918
충청남도,계,95 - 99세,2029,6308
충청남도,계,100세 이상,2029,817
충청남도,남자,계,2029,1168334
충청남도,남자,0 - 4세,2029,26954
충청남도,남자,5 - 9세,2029,29217
충청남도,남자,10 - 14세,2029,43483
충청남도,남자,15 - 19세,2029,53197
충청남도,남자,20 - 24세,2029,56606
충청남도,남자,25 - 29세,2029,69806
충청남도,남자,30 - 34세,2029,82800
충청남도,남자,35 - 39세,2029,83176
충청남도,남자,40 - 44세,2029,78425
충청남도,남자,45 - 49세,2029,94604
충청남도,남자,50 - 54세,2029,89020
충청남도,남자,55 - 59세,2029,100455
충청남도,남자,60 - 64세,2029,94922
충청남도,남자,65 - 69세,2029,93112
충청남도,남자,70 - 74세,2029,73312
충청남도,남자,75 - 79세,2029,45473
충청남도,남자,80세이상,2029,53772
충청남도,남자,80 - 84세,2029,29232
충청남도,남자,85 - 89세,2029,16714
충청남도,남자,90 - 94세,2029,6560
충청남도,남자,95 - 99세,2029,1172
충청남도,남자,100세 이상,2029,94
충청남도,여자,계,2029,1080525
충청남도,여자,0 - 4세,2029,25829
충청남도,여자,5 - 9세,2029,27661
충청남도,여자,10 - 14세,2029,41337
충청남도,여자,15 - 19세,2029,49483
충청남도,여자,20 - 24세,2029,47607
충청남도,여자,25 - 29세,2029,53504
충청남도,여자,30 - 34세,2029,59295
충청남도,여자,35 - 39세,2029,63251
충청남도,여자,40 - 44세,2029,64082
충청남도,여자,45 - 49세,2029,81516
충청남도,여자,50 - 54세,2029,77827
충청남도,여자,55 - 59세,2029,88991
충청남도,여자,60 - 64세,2029,87819
충청남도,여자,65 - 69세,2029,89373
충청남도,여자,70 - 74세,2029,75681
충청남도,여자,75 - 79세,2029,52171
충청남도,여자,80세이상,2029,95098
충청남도,여자,80 - 84세,2029,38249
충청남도,여자,85 - 89세,2029,32632
충청남도,여자,90 - 94세,2029,18358
충청남도,여자,95 - 99세,2029,5136
충청남도,여자,100세 이상,2029,723
충청남도,계,계,2030,2253655
충청남도,계,0 - 4세,2030,54188
충청남도,계,5 - 9세,2030,53981
충청남도,계,10 - 14세,2030,78294
충청남도,계,15 - 19세,2030,102289
충청남도,계,20 - 24세,2030,104552
충청남도,계,25 - 29세,2030,115199
충청남도,계,30 - 34세,2030,141733
충청남도,계,35 - 39세,2030,148502
충청남도,계,40 - 44세,2030,142142
충청남도,계,45 - 49세,2030,169480
충청남도,계,50 - 54세,2030,169555
충청남도,계,55 - 59세,2030,188422
충청남도,계,60 - 64세,2030,183071
충청남도,계,65 - 69세,2030,183136
충청남도,계,70 - 74세,2030,158066
충청남도,계,75 - 79세,2030,105813
충청남도,계,80세이상,2030,155232
충청남도,계,80 - 84세,2030,72841
충청남도,계,85 - 89세,2030,48816
충청남도,계,90 - 94세,2030,25518
충청남도,계,95 - 99세,2030,7142
충청남도,계,100세 이상,2030,915
충청남도,남자,계,2030,1171764
충청남도,남자,0 - 4세,2030,27669
충청남도,남자,5 - 9세,2030,27672
충청남도,남자,10 - 14세,2030,40214
충청남도,남자,15 - 19세,2030,52941
충청남도,남자,20 - 24세,2030,56513
충청남도,남자,25 - 29세,2030,65473
충청남도,남자,30 - 34세,2030,81986
충청남도,남자,35 - 39세,2030,84907
충청남도,남자,40 - 44세,2030,78689
충청남도,남자,45 - 49세,2030,91403
충청남도,남자,50 - 54세,2030,90487
충청남도,남자,55 - 59세,2030,99969
충청남도,남자,60 - 64세,2030,95210
충청남도,남자,65 - 69세,2030,94162
충청남도,남자,70 - 74세,2030,78035
충청남도,남자,75 - 79세,2030,49584
충청남도,남자,80세이상,2030,56850
충청남도,남자,80 - 84세,2030,31821
충청남도,남자,85 - 89세,2030,16819
충청남도,남자,90 - 94세,2030,6748
충청남도,남자,95 - 99세,2030,1359
충청남도,남자,100세 이상,2030,103
충청남도,여자,계,2030,1081891
충청남도,여자,0 - 4세,2030,26519
충청남도,여자,5 - 9세,2030,26309
충청남도,여자,10 - 14세,2030,38080
충청남도,여자,15 - 19세,2030,49348
충청남도,여자,20 - 24세,2030,48039
충청남도,여자,25 - 29세,2030,49726
충청남도,여자,30 - 34세,2030,59747
충청남도,여자,35 - 39세,2030,63595
충청남도,여자,40 - 44세,2030,63453
충청남도,여자,45 - 49세,2030,78077
충청남도,여자,50 - 54세,2030,79068
충청남도,여자,55 - 59세,2030,88453
충청남도,여자,60 - 64세,2030,87861
충청남도,여자,65 - 69세,2030,88974
충청남도,여자,70 - 74세,2030,80031
충청남도,여자,75 - 79세,2030,56229
충청남도,여자,80세이상,2030,98382
충청남도,여자,80 - 84세,2030,41020
충청남도,여자,85 - 89세,2030,31997
충청남도,여자,90 - 94세,2030,18770
충청남도,여자,95 - 99세,2030,5783
충청남도,여자,100세 이상,2030,812
충청남도,계,계,2031,2258170
충청남도,계,0 - 4세,2031,55947
충청남도,계,5 - 9세,2031,51957
충청남도,계,10 - 14세,2031,71495
충청남도,계,15 - 19세,2031,99906
충청남도,계,20 - 24세,2031,106166
충청남도,계,25 - 29세,2031,108096
충청남도,계,30 - 34세,2031,140068
충청남도,계,35 - 39세,2031,150623
충청남도,계,40 - 44세,2031,141809
충청남도,계,45 - 49세,2031,162813
충청남도,계,50 - 54세,2031,173276
충청남도,계,55 - 59세,2031,183915
충청남도,계,60 - 64세,2031,190983
충청남도,계,65 - 69세,2031,175771
충청남도,계,70 - 74세,2031,170870
충청남도,계,75 - 79세,2031,115865
충청남도,계,80세이상,2031,158610
충청남도,계,80 - 84세,2031,76957
충청남도,계,85 - 89세,2031,46954
충청남도,계,90 - 94세,2031,25737
충청남도,계,95 - 99세,2031,7950
충청남도,계,100세 이상,2031,1012
충청남도,남자,계,2031,1174982
충청남도,남자,0 - 4세,2031,28568
충청남도,남자,5 - 9세,2031,26509
충청남도,남자,10 - 14세,2031,36862
충청남도,남자,15 - 19세,2031,51556
충청남도,남자,20 - 24세,2031,57426
충청남도,남자,25 - 29세,2031,61678
충청남도,남자,30 - 34세,2031,80550
충청남도,남자,35 - 39세,2031,86358
충청남도,남자,40 - 44세,2031,78889
충청남도,남자,45 - 49세,2031,87952
충청남도,남자,50 - 54세,2031,93016
충청남도,남자,55 - 59세,2031,97209
충청남도,남자,60 - 64세,2031,99679
충청남도,남자,65 - 69세,2031,90684
충청남도,남자,70 - 74세,2031,84772
충청남도,남자,75 - 79세,2031,54685
충청남도,남자,80세이상,2031,58589
충청남도,남자,80 - 84세,2031,33504
충청남도,남자,85 - 89세,2031,16544
충청남도,남자,90 - 94세,2031,6889
충청남도,남자,95 - 99세,2031,1541
충청남도,남자,100세 이상,2031,111
충청남도,여자,계,2031,1083188
충청남도,여자,0 - 4세,2031,27379
충청남도,여자,5 - 9세,2031,25448
충청남도,여자,10 - 14세,2031,34633
충청남도,여자,15 - 19세,2031,48350
충청남도,여자,20 - 24세,2031,48740
충청남도,여자,25 - 29세,2031,46418
충청남도,여자,30 - 34세,2031,59518
충청남도,여자,35 - 39세,2031,64265
충청남도,여자,40 - 44세,2031,62920
충청남도,여자,45 - 49세,2031,74861
충청남도,여자,50 - 54세,2031,80260
충청남도,여자,55 - 59세,2031,86706
충청남도,여자,60 - 64세,2031,91304
충청남도,여자,65 - 69세,2031,85087
충청남도,여자,70 - 74세,2031,86098
충청남도,여자,75 - 79세,2031,61180
충청남도,여자,80세이상,2031,100021
충청남도,여자,80 - 84세,2031,43453
충청남도,여자,85 - 89세,2031,30410
충청남도,여자,90 - 94세,2031,18848
충청남도,여자,95 - 99세,2031,6409
충청남도,여자,100세 이상,2031,901
충청남도,계,계,2032,2262324
충청남도,계,0 - 4세,2032,57511
충청남도,계,5 - 9세,2032,51252
충청남도,계,10 - 14세,2032,65576
충청남도,계,15 - 19세,2032,95927
충청남도,계,20 - 24세,2032,107119
충청남도,계,25 - 29세,2032,104844
충청남도,계,30 - 34세,2032,135379
충청남도,계,35 - 39세,2032,150211
충청남도,계,40 - 44세,2032,144026
충청남도,계,45 - 49세,2032,155105
충청남도,계,50 - 54세,2032,179133
충청남도,계,55 - 59세,2032,179274
충청남도,계,60 - 64세,2032,194996
충청남도,계,65 - 69세,2032,176919
충청남도,계,70 - 74세,2032,176885
충청남도,계,75 - 79세,2032,122522
충청남도,계,80세이상,2032,165645
충청남도,계,80 - 84세,2032,80655
충청남도,계,85 - 89세,2032,47351
충청남도,계,90 - 94세,2032,27874
충청남도,계,95 - 99세,2032,8573
충청남도,계,100세 이상,2032,1192
충청남도,남자,계,2032,1177950
충청남도,남자,0 - 4세,2032,29366
충청남도,남자,5 - 9세,2032,26187
충청남도,남자,10 - 14세,2032,33750
충청남도,남자,15 - 19세,2032,49435
충청남도,남자,20 - 24세,2032,57897
충청남도,남자,25 - 29세,2032,60183
충청남도,남자,30 - 34세,2032,77418
충청남도,남자,35 - 39세,2032,86299
충청남도,남자,40 - 44세,2032,80544
충청남도,남자,45 - 49세,2032,84031
충청남도,남자,50 - 54세,2032,96124
충청남도,남자,55 - 59세,2032,94664
충청남도,남자,60 - 64세,2032,102176
충청남도,남자,65 - 69세,2032,91464
충청남도,남자,70 - 74세,2032,88088
충청남도,남자,75 - 79세,2032,58246
충청남도,남자,80세이상,2032,62078
충청남도,남자,80 - 84세,2032,35247
충청남도,남자,85 - 89세,2032,17396
충청남도,남자,90 - 94세,2032,7611
충청남도,남자,95 - 99세,2032,1688
충청남도,남자,100세 이상,2032,136
충청남도,여자,계,2032,1084374
충청남도,여자,0 - 4세,2032,28145
충청남도,여자,5 - 9세,2032,25065
충청남도,여자,10 - 14세,2032,31826
충청남도,여자,15 - 19세,2032,46492
충청남도,여자,20 - 24세,2032,49222
충청남도,여자,25 - 29세,2032,44661
충청남도,여자,30 - 34세,2032,57961
충청남도,여자,35 - 39세,2032,63912
충청남도,여자,40 - 44세,2032,63482
충청남도,여자,45 - 49세,2032,71074
충청남도,여자,50 - 54세,2032,83009
충청남도,여자,55 - 59세,2032,84610
충청남도,여자,60 - 64세,2032,92820
충청남도,여자,65 - 69세,2032,85455
충청남도,여자,70 - 74세,2032,88797
충청남도,여자,75 - 79세,2032,64276
충청남도,여자,80세이상,2032,103567
충청남도,여자,80 - 84세,2032,45408
충청남도,여자,85 - 89세,2032,29955
충청남도,여자,90 - 94세,2032,20263
충청남도,여자,95 - 99세,2032,6885
충청남도,여자,100세 이상,2032,1056
충청남도,계,계,2033,2266059
충청남도,계,0 - 4세,2033,58843
충청남도,계,5 - 9세,2033,51292
충청남도,계,10 - 14세,2033,60903
충청남도,계,15 - 19세,2033,90966
충청남도,계,20 - 24세,2033,106110
충청남도,계,25 - 29세,2033,103497
충청남도,계,30 - 34세,2033,130415
충청남도,계,35 - 39세,2033,148814
충청남도,계,40 - 44세,2033,147387
충청남도,계,45 - 49세,2033,148775
충청남도,계,50 - 54세,2033,181877
충청남도,계,55 - 59세,2033,175318
충청남도,계,60 - 64세,2033,198777
충청남도,계,65 - 69세,2033,176678
충청남도,계,70 - 74세,2033,183034
충청남도,계,75 - 79세,2033,132140
충청남도,계,80세이상,2033,171233
충청남도,계,80 - 84세,2033,82759
충청남도,계,85 - 89세,2033,48837
충청남도,계,90 - 94세,2033,29207
충청남도,계,95 - 99세,2033,9072
충청남도,계,100세 이상,2033,1358
충청남도,남자,계,2033,1180645
충청남도,남자,0 - 4세,2033,30047
충청남도,남자,5 - 9세,2033,26207
충청남도,남자,10 - 14세,2033,31373
충청남도,남자,15 - 19세,2033,46947
충청남도,남자,20 - 24세,2033,57240
충청남도,남자,25 - 29세,2033,59287
충청남도,남자,30 - 34세,2033,74257
충청남도,남자,35 - 39세,2033,85735
충청남도,남자,40 - 44세,2033,82912
충청남도,남자,45 - 49세,2033,80895
충청남도,남자,50 - 54세,2033,97533
충청남도,남자,55 - 59세,2033,92742
충청남도,남자,60 - 64세,2033,104438
충청남도,남자,65 - 69세,2033,91291
충청남도,남자,70 - 74세,2033,91683
충청남도,남자,75 - 79세,2033,63230
충청남도,남자,80세이상,2033,64828
충청남도,남자,80 - 84세,2033,36284
충청남도,남자,85 - 89세,2033,18446
충청남도,남자,90 - 94세,2033,8131
충청남도,남자,95 - 99세,2033,1807
충청남도,남자,100세 이상,2033,160
충청남도,여자,계,2033,1085414
충청남도,여자,0 - 4세,2033,28796
충청남도,여자,5 - 9세,2033,25085
충청남도,여자,10 - 14세,2033,29530
충청남도,여자,15 - 19세,2033,44019
충청남도,여자,20 - 24세,2033,48870
충청남도,여자,25 - 29세,2033,44210
충청남도,여자,30 - 34세,2033,56158
충청남도,여자,35 - 39세,2033,63079
충청남도,여자,40 - 44세,2033,64475
충청남도,여자,45 - 49세,2033,67880
충청남도,여자,50 - 54세,2033,84344
충청남도,여자,55 - 59세,2033,82576
충청남도,여자,60 - 64세,2033,94339
충청남도,여자,65 - 69세,2033,85387
충청남도,여자,70 - 74세,2033,91351
충청남도,여자,75 - 79세,2033,68910
충청남도,여자,80세이상,2033,106405
충청남도,여자,80 - 84세,2033,46475
충청남도,여자,85 - 89세,2033,30391
충청남도,여자,90 - 94세,2033,21076
충청남도,여자,95 - 99세,2033,7265
충청남도,여자,100세 이상,2033,1198
충청남도,계,계,2034,2269269
충청남도,계,0 - 4세,2034,59925
충청남도,계,5 - 9세,2034,52117
충청남도,계,10 - 14세,2034,57109
충청남도,계,15 - 19세,2034,85870
충청남도,계,20 - 24세,2034,105448
충청남도,계,25 - 29세,2034,101725
충청남도,계,30 - 34세,2034,125128
충청남도,계,35 - 39세,2034,147024
충청남도,계,40 - 44세,2034,150538
충청남도,계,45 - 49세,2034,145884
충청남도,계,50 - 54세,2034,180428
충청남도,계,55 - 59세,2034,172047
충청남도,계,60 - 64세,2034,197383
충청남도,계,65 - 69세,2034,186725
충청남도,계,70 - 74세,2034,181585
충청남도,계,75 - 79세,2034,142373
충청남도,계,80세이상,2034,177960
충청남도,계,80 - 84세,2034,85777
충청남도,계,85 - 89세,2034,51853
충청남도,계,90 - 94세,2034,29064
충청남도,계,95 - 99세,2034,9741
충청남도,계,100세 이상,2034,1525
충청남도,남자,계,2034,1182990
충청남도,남자,0 - 4세,2034,30601
충청남도,남자,5 - 9세,2034,26657
충청남도,남자,10 - 14세,2034,29421
충청남도,남자,15 - 19세,2034,44165
충청남도,남자,20 - 24세,2034,56908
충청남도,남자,25 - 29세,2034,58241
충청남도,남자,30 - 34세,2034,71116
충청남도,남자,35 - 39세,2034,84548
충청남도,남자,40 - 44세,2034,85082
충청남도,남자,45 - 49세,2034,79913
충청남도,남자,50 - 54세,2034,96753
충청남도,남자,55 - 59세,2034,91277
충청남도,남자,60 - 64세,2034,104007
충청남도,남자,65 - 69세,2034,96314
충청남도,남자,70 - 74세,2034,91512
충청남도,남자,75 - 79세,2034,68432
충청남도,남자,80세이상,2034,68043
충청남도,남자,80 - 84세,2034,37691
충청남도,남자,85 - 89세,2034,20008
충청남도,남자,90 - 94세,2034,8204
충청남도,남자,95 - 99세,2034,1954
충청남도,남자,100세 이상,2034,186
충청남도,여자,계,2034,1086279
충청남도,여자,0 - 4세,2034,29324
충청남도,여자,5 - 9세,2034,25460
충청남도,여자,10 - 14세,2034,27688
충청남도,여자,15 - 19세,2034,41705
충청남도,여자,20 - 24세,2034,48540
충청남도,여자,25 - 29세,2034,43484
충청남도,여자,30 - 34세,2034,54012
충청남도,여자,35 - 39세,2034,62476
충청남도,여자,40 - 44세,2034,65456
충청남도,여자,45 - 49세,2034,65971
충청남도,여자,50 - 54세,2034,83675
충청남도,여자,55 - 59세,2034,80770
충청남도,여자,60 - 64세,2034,93376
충청남도,여자,65 - 69세,2034,90411
충청남도,여자,70 - 74세,2034,90073
충청남도,여자,75 - 79세,2034,73941
충청남도,여자,80세이상,2034,109917
충청남도,여자,80 - 84세,2034,48086
충청남도,여자,85 - 89세,2034,31845
충청남도,여자,90 - 94세,2034,20860
충청남도,여자,95 - 99세,2034,7787
충청남도,여자,100세 이상,2034,1339
충청남도,계,계,2035,2271887
충청남도,계,0 - 4세,2035,60749
충청남도,계,5 - 9세,2035,53536
충청남도,계,10 - 14세,2035,54161
충청남도,계,15 - 19세,2035,79360
충청남도,계,20 - 24세,2035,105052
충청남도,계,25 - 29세,2035,102006
충청남도,계,30 - 34세,2035,117128
충청남도,계,35 - 39세,2035,146138
충청남도,계,40 - 44세,2035,152836
충청남도,계,45 - 49세,2035,145664
충청남도,계,50 - 54세,2035,173690
충청남도,계,55 - 59세,2035,174539
충청남도,계,60 - 64세,2035,196034
충청남도,계,65 - 69세,2035,187436
충청남도,계,70 - 74세,2035,182159
충청남도,계,75 - 79세,2035,151320
충청남도,계,80세이상,2035,190079
충청남도,계,80 - 84세,2035,93496
충청남도,계,85 - 89세,2035,56089
충청남도,계,90 - 94세,2035,28750
충청남도,계,95 - 99세,2035,10013
충청남도,계,100세 이상,2035,1731
충청남도,남자,계,2035,1184962
충청남도,남자,0 - 4세,2035,31022
충청남도,남자,5 - 9세,2035,27378
충청남도,남자,10 - 14세,2035,27850
충청남도,남자,15 - 19세,2035,40910
충청남도,남자,20 - 24세,2035,56636
충청남도,남자,25 - 29세,2035,58195
충청남도,남자,30 - 34세,2035,66732
충청남도,남자,35 - 39세,2035,83487
충청남도,남자,40 - 44세,2035,86880
충청남도,남자,45 - 49세,2035,80244
충청남도,남자,50 - 54세,2035,93511
충청남도,남자,55 - 59세,2035,92623
충청남도,남자,60 - 64세,2035,103374
충청남도,남자,65 - 69세,2035,96839
충청남도,남자,70 - 74세,2035,92500
충청남도,남자,75 - 79세,2035,73013
충청남도,남자,80세이상,2035,73768
충청남도,남자,80 - 84세,2035,41430
충청남도,남자,85 - 89세,2035,21842
충청남도,남자,90 - 94세,2035,8258
충청남도,남자,95 - 99세,2035,2022
충청남도,남자,100세 이상,2035,216
충청남도,여자,계,2035,1086925
충청남도,여자,0 - 4세,2035,29727
충청남도,여자,5 - 9세,2035,26158
충청남도,여자,10 - 14세,2035,26311
충청남도,여자,15 - 19세,2035,38450
충청남도,여자,20 - 24세,2035,48416
충청남도,여자,25 - 29세,2035,43811
충청남도,여자,30 - 34세,2035,50396
충청남도,여자,35 - 39세,2035,62651
충청남도,여자,40 - 44세,2035,65956
충청남도,여자,45 - 49세,2035,65420
충청남도,여자,50 - 54세,2035,80179
충청남도,여자,55 - 59세,2035,81916
충청남도,여자,60 - 64세,2035,92660
충청남도,여자,65 - 69세,2035,90597
충청남도,여자,70 - 74세,2035,89659
충청남도,여자,75 - 79세,2035,78307
충청남도,여자,80세이상,2035,116311
충청남도,여자,80 - 84세,2035,52066
충청남도,여자,85 - 89세,2035,34247
충청남도,여자,90 - 94세,2035,20492
충청남도,여자,95 - 99세,2035,7991
충청남도,여자,100세 이상,2035,1515
충청남도,계,계,2036,2273941
충청남도,계,0 - 4세,2036,61339
충청남도,계,5 - 9세,2036,55316
충청남도,계,10 - 14세,2036,52080
충청남도,계,15 - 19세,2036,72585
충청남도,계,20 - 24세,2036,102769
충청남도,계,25 - 29세,2036,103506
충청남도,계,30 - 34세,2036,110122
충청남도,계,35 - 39세,2036,143953
충청남도,계,40 - 44세,2036,155075
충청남도,계,45 - 49세,2036,145581
충청남도,계,50 - 54세,2036,166846
충청남도,계,55 - 59세,2036,178295
충청남도,계,60 - 64세,2036,191091
충청남도,계,65 - 69세,2036,195353
충청남도,계,70 - 74세,2036,175162
충청남도,계,75 - 79세,2036,163693
충청남도,계,80세이상,2036,201175
충청남도,계,80 - 84세,2036,102566
충청남도,계,85 - 89세,2036,58993
충청남도,계,90 - 94세,2036,27536
충청남도,계,95 - 99세,2036,10154
충청남도,계,100세 이상,2036,1926
충청남도,남자,계,2036,1186558
충청남도,남자,0 - 4세,2036,31324
충청남도,남자,5 - 9세,2036,28291
충청남도,남자,10 - 14세,2036,26658
충청남도,남자,15 - 19세,2036,37537
충청남도,남자,20 - 24세,2036,55312
충청남도,남자,25 - 29세,2036,59088
충청남도,남자,30 - 34세,2036,62896
충청남도,남자,35 - 39세,2036,81843
충청남도,남자,40 - 44세,2036,88342
충청남도,남자,45 - 49세,2036,80589
충청남도,남자,50 - 54세,2036,89961
충청남도,남자,55 - 59세,2036,95154
충청남도,남자,60 - 64세,2036,100446
충청남도,남자,65 - 69세,2036,101284
충청남도,남자,70 - 74세,2036,89294
충청남도,남자,75 - 79세,2036,79405
충청남도,남자,80세이상,2036,79134
충청남도,남자,80 - 84세,2036,45808
충청남도,남자,85 - 89세,2036,22890
충청남도,남자,90 - 94세,2036,8110
충청남도,남자,95 - 99세,2036,2082
충청남도,남자,100세 이상,2036,244
충청남도,여자,계,2036,1087383
충청남도,여자,0 - 4세,2036,30015
충청남도,여자,5 - 9세,2036,27025
충청남도,여자,10 - 14세,2036,25422
충청남도,여자,15 - 19세,2036,35048
충청남도,여자,20 - 24세,2036,47457
충청남도,여자,25 - 29세,2036,44418
충청남도,여자,30 - 34세,2036,47226
충청남도,여자,35 - 39세,2036,62110
충청남도,여자,40 - 44세,2036,66733
충청남도,여자,45 - 49세,2036,64992
충청남도,여자,50 - 54세,2036,76885
충청남도,여자,55 - 59세,2036,83141
충청남도,여자,60 - 64세,2036,90645
충청남도,여자,65 - 69세,2036,94069
충청남도,여자,70 - 74세,2036,85868
충청남도,여자,75 - 79세,2036,84288
충청남도,여자,80세이상,2036,122041
충청남도,여자,80 - 84세,2036,56758
충청남도,여자,85 - 89세,2036,36103
충청남도,여자,90 - 94세,2036,19426
충청남도,여자,95 - 99세,2036,8072
충청남도,여자,100세 이상,2036,1682
충청남도,계,계,2037,2275392
충청남도,계,0 - 4세,2037,61736
충청남도,계,5 - 9세,2037,56893
충청남도,계,10 - 14세,2037,51303
충청남도,계,15 - 19세,2037,66715
충청남도,계,20 - 24세,2037,99021
충청남도,계,25 - 29세,2037,104345
충청남도,계,30 - 34세,2037,106918
충청남도,계,35 - 39세,2037,138824
충청남도,계,40 - 44세,2037,154608
충청남도,계,45 - 49세,2037,148151
충청남도,계,50 - 54세,2037,158945
충청남도,계,55 - 59세,2037,184180
충청남도,계,60 - 64세,2037,186014
충청남도,계,65 - 69세,2037,199383
충청남도,계,70 - 74세,2037,176423
충청남도,계,75 - 79세,2037,169464
충청남도,계,80세이상,2037,212469
충청남도,계,80 - 84세,2037,108812
충청남도,계,85 - 89세,2037,62100
충청남도,계,90 - 94세,2037,28274
충청남도,계,95 - 99세,2037,11188
충청남도,계,100세 이상,2037,2095
충청남도,남자,계,2037,1187746
충청남도,남자,0 - 4세,2037,31528
충청남도,남자,5 - 9세,2037,29099
충청남도,남자,10 - 14세,2037,26299
충청남도,남자,15 - 19세,2037,34430
충청남도,남자,20 - 24세,2037,53303
충청남도,남자,25 - 29세,2037,59491
충청남도,남자,30 - 34세,2037,61339
충청남도,남자,35 - 39세,2037,78569
충청남도,남자,40 - 44세,2037,88212
충청남도,남자,45 - 49세,2037,82446
충청남도,남자,50 - 54세,2037,85950
충청남도,남자,55 - 59세,2037,98251
충청남도,남자,60 - 64세,2037,97730
충청남도,남자,65 - 69세,2037,103789
충청남도,남자,70 - 74세,2037,90151
충청남도,남자,75 - 79세,2037,82532
충청남도,남자,80세이상,2037,84627
충청남도,남자,80 - 84세,2037,48994
충청남도,남자,85 - 89세,2037,24271
충청남도,남자,90 - 94세,2037,8735
충청남도,남자,95 - 99세,2037,2357
충청남도,남자,100세 이상,2037,270
충청남도,여자,계,2037,1087646
충청남도,여자,0 - 4세,2037,30208
충청남도,여자,5 - 9세,2037,27794
충청남도,여자,10 - 14세,2037,25004
충청남도,여자,15 - 19세,2037,32285
충청남도,여자,20 - 24세,2037,45718
충청남도,여자,25 - 29세,2037,44854
충청남도,여자,30 - 34세,2037,45579
충청남도,여자,35 - 39세,2037,60255
충청남도,여자,40 - 44세,2037,66396
충청남도,여자,45 - 49세,2037,65705
충청남도,여자,50 - 54세,2037,72995
충청남도,여자,55 - 59세,2037,85929
충청남도,여자,60 - 64세,2037,88284
충청남도,여자,65 - 69세,2037,95594
충청남도,여자,70 - 74세,2037,86272
충청남도,여자,75 - 79세,2037,86932
충청남도,여자,80세이상,2037,127842
충청남도,여자,80 - 84세,2037,59818
충청남도,여자,85 - 89세,2037,37829
충청남도,여자,90 - 94세,2037,19539
충청남도,여자,95 - 99세,2037,8831
충청남도,여자,100세 이상,2037,1825
충청남도,계,계,2038,2276109
충청남도,계,0 - 4세,2038,61820
충청남도,계,5 - 9세,2038,58234
충청남도,계,10 - 14세,2038,51271
충청남도,계,15 - 19세,2038,62107
충청남도,계,20 - 24세,2038,94313
충청남도,계,25 - 29세,2038,103259
충청남도,계,30 - 34세,2038,105790
충청남도,계,35 - 39세,2038,133329
충청남도,계,40 - 44세,2038,153028
충청남도,계,45 - 49세,2038,151932
충청남도,계,50 - 54세,2038,152485
충청남도,계,55 - 59세,2038,186892
충청남도,계,60 - 64세,2038,181715
충청남도,계,65 - 69세,2038,203178
충청남도,계,70 - 74세,2038,176266
충청남도,계,75 - 79세,2038,175352
충청남도,계,80세이상,2038,225138
충청남도,계,80 - 84세,2038,117515
충청남도,계,85 - 89세,2038,63977
충청남도,계,90 - 94세,2038,29634
충청남도,계,95 - 99세,2038,11780
충청남도,계,100세 이상,2038,2232
충청남도,남자,계,2038,1188448
충청남도,남자,0 - 4세,2038,31571
충청남도,남자,5 - 9세,2038,29788
충청남도,남자,10 - 14세,2038,26279
충청남도,남자,15 - 19세,2038,32078
충청남도,남자,20 - 24세,2038,50867
충청남도,남자,25 - 29세,2038,58812
충청남도,남자,30 - 34세,2038,60547
충청남도,남자,35 - 39세,2038,75209
충청남도,남자,40 - 44세,2038,87449
충청남도,남자,45 - 49세,2038,85057
충청남도,남자,50 - 54세,2038,82753
충청남도,남자,55 - 59세,2038,99665
충청남도,남자,60 - 64세,2038,95651
충청남도,남자,65 - 69세,2038,106076
충청남도,남자,70 - 74세,2038,90031
충청남도,남자,75 - 79세,2038,85932
충청남도,남자,80세이상,2038,90683
충청남도,남자,80 - 84세,2038,53294
충청남도,남자,85 - 89세,2038,25128
충청남도,남자,90 - 94세,2038,9428
충청남도,남자,95 - 99세,2038,2542
충청남도,남자,100세 이상,2038,291
충청남도,여자,계,2038,1087661
충청남도,여자,0 - 4세,2038,30249
충청남도,여자,5 - 9세,2038,28446
충청남도,여자,10 - 14세,2038,24992
충청남도,여자,15 - 19세,2038,30029
충청남도,여자,20 - 24세,2038,43446
충청남도,여자,25 - 29세,2038,44447
충청남도,여자,30 - 34세,2038,45243
충청남도,여자,35 - 39세,2038,58120
충청남도,여자,40 - 44세,2038,65579
충청남도,여자,45 - 49세,2038,66875
충청남도,여자,50 - 54세,2038,69732
충청남도,여자,55 - 59세,2038,87227
충청남도,여자,60 - 64세,2038,86064
충청남도,여자,65 - 69세,2038,97102
충청남도,여자,70 - 74세,2038,86235
충청남도,여자,75 - 79세,2038,89420
충청남도,여자,80세이상,2038,134455
충청남도,여자,80 - 84세,2038,64221
충청남도,여자,85 - 89세,2038,38849
충청남도,여자,90 - 94세,2038,20206
충청남도,여자,95 - 99세,2038,9238
충청남도,여자,100세 이상,2038,1941
충청남도,계,계,2039,2275980
충청남도,계,0 - 4세,2039,61506
충청남도,계,5 - 9세,2039,59313
충청남도,계,10 - 14세,2039,52061
충청남도,계,15 - 19세,2039,58341
충청남도,계,20 - 24세,2039,89425
충청남도,계,25 - 29세,2039,102687
충청남도,계,30 - 34세,2039,104173
충청남도,계,35 - 39세,2039,127675
충청남도,계,40 - 44세,2039,150993
충청남도,계,45 - 49세,2039,155366
충청남도,계,50 - 54세,2039,149582
충청남도,계,55 - 59세,2039,185442
충청남도,계,60 - 64세,2039,178141
충청남도,계,65 - 69세,2039,201755
충청남도,계,70 - 74세,2039,186121
충청남도,계,75 - 79세,2039,174054
충청남도,계,80세이상,2039,239345
충청남도,계,80 - 84세,2039,126790
충청남도,계,85 - 89세,2039,66710
충청남도,계,90 - 94세,2039,31694
충청남도,계,95 - 99세,2039,11729
충청남도,계,100세 이상,2039,2422
충청남도,남자,계,2039,1188613
충청남도,남자,0 - 4세,2039,31410
충청남도,남자,5 - 9세,2039,30342
충청남도,남자,10 - 14세,2039,26705
충청남도,남자,15 - 19세,2039,30120
충청남도,남자,20 - 24세,2039,48139
충청남도,남자,25 - 29세,2039,58520
충청남도,남자,30 - 34세,2039,59619
충청남도,남자,35 - 39세,2039,71891
충청남도,남자,40 - 44세,2039,86064
충청남도,남자,45 - 49세,2039,87383
충청남도,남자,50 - 54세,2039,81761
충청남도,남자,55 - 59세,2039,98930
충청남도,남자,60 - 64세,2039,94033
충청남도,남자,65 - 69세,2039,105672
충청남도,남자,70 - 74세,2039,94903
충청남도,남자,75 - 79세,2039,85829
충청남도,남자,80세이상,2039,97292
충청남도,남자,80 - 84세,2039,57791
충청남도,남자,85 - 89세,2039,26308
충청남도,남자,90 - 94세,2039,10311
충청남도,남자,95 - 99세,2039,2562
충청남도,남자,100세 이상,2039,320
충청남도,여자,계,2039,1087367
충청남도,여자,0 - 4세,2039,30096
충청남도,여자,5 - 9세,2039,28971
충청남도,여자,10 - 14세,2039,25356
충청남도,여자,15 - 19세,2039,28221
충청남도,여자,20 - 24세,2039,41286
충청남도,여자,25 - 29세,2039,44167
충청남도,여자,30 - 34세,2039,44554
충청남도,여자,35 - 39세,2039,55784
충청남도,여자,40 - 44세,2039,64929
충청남도,여자,45 - 49세,2039,67983
충청남도,여자,50 - 54세,2039,67821
충청남도,여자,55 - 59세,2039,86512
충청남도,여자,60 - 64세,2039,84108
충청남도,여자,65 - 69세,2039,96083
충청남도,여자,70 - 74세,2039,91218
충청남도,여자,75 - 79세,2039,88225
충청남도,여자,80세이상,2039,142053
충청남도,여자,80 - 84세,2039,68999
충청남도,여자,85 - 89세,2039,40402
충청남도,여자,90 - 94세,2039,21383
충청남도,여자,95 - 99세,2039,9167
충청남도,여자,100세 이상,2039,2102
충청남도,계,계,2040,2274956
충청남도,계,0 - 4세,2040,60863
충청남도,계,5 - 9세,2040,60140
충청남도,계,10 - 14세,2040,53480
충청남도,계,15 - 19세,2040,55383
충청남도,계,20 - 24세,2040,83200
충청남도,계,25 - 29세,2040,102465
충청남도,계,30 - 34세,2040,104380
충청남도,계,35 - 39세,2040,119603
충청남도,계,40 - 44세,2040,149797
충청남도,계,45 - 49세,2040,157811
충청남도,계,50 - 54세,2040,149478
충청남도,계,55 - 59세,2040,178634
충청남도,계,60 - 64세,2040,180506
충청남도,계,65 - 69세,2040,200166
충청남도,계,70 - 74세,2040,187170
충청남도,계,75 - 79세,2040,174757
충청남도,계,80세이상,2040,257123
충청남도,계,80 - 84세,2040,135269
충청남도,계,85 - 89세,2040,73377
충청남도,계,90 - 94세,2040,34374
충청남도,계,95 - 99세,2040,11581
충청남도,계,100세 이상,2040,2522
충청남도,남자,계,2040,1188201
충청남도,남자,0 - 4세,2040,31081
충청남도,남자,5 - 9세,2040,30769
충청남도,남자,10 - 14세,2040,27425
충청남도,남자,15 - 19세,2040,28527
충청남도,남자,20 - 24세,2040,44965
충청남도,남자,25 - 29세,2040,58322
충청남도,남자,30 - 34세,2040,59554
충청남도,남자,35 - 39세,2040,67439
충청남도,남자,40 - 44세,2040,84854
충청남도,남자,45 - 49세,2040,89221
충청남도,남자,50 - 54세,2040,82150
충청남도,남자,55 - 59세,2040,95681
충청남도,남자,60 - 64세,2040,95320
충청남도,남자,65 - 69세,2040,104950
충청남도,남자,70 - 74세,2040,95643
충청남도,남자,75 - 79세,2040,86855
충청남도,남자,80세이상,2040,105445
충청남도,남자,80 - 84세,2040,61970
충청남도,남자,85 - 89세,2040,29272
충청남도,남자,90 - 94세,2040,11290
충청남도,남자,95 - 99세,2040,2578
충청남도,남자,100세 이상,2040,335
충청남도,여자,계,2040,1086755
충청남도,여자,0 - 4세,2040,29782
충청남도,여자,5 - 9세,2040,29371
충청남도,여자,10 - 14세,2040,26055
충청남도,여자,15 - 19세,2040,26856
충청남도,여자,20 - 24세,2040,38235
충청남도,여자,25 - 29세,2040,44143
충청남도,여자,30 - 34세,2040,44826
충청남도,여자,35 - 39세,2040,52164
충청남도,여자,40 - 44세,2040,64943
충청남도,여자,45 - 49세,2040,68590
충청남도,여자,50 - 54세,2040,67328
충청남도,여자,55 - 59세,2040,82953
충청남도,여자,60 - 64세,2040,85186
충청남도,여자,65 - 69세,2040,95216
충청남도,여자,70 - 74세,2040,91527
충청남도,여자,75 - 79세,2040,87902
충청남도,여자,80세이상,2040,151678
충청남도,여자,80 - 84세,2040,73299
충청남도,여자,85 - 89세,2040,44105
충청남도,여자,90 - 94세,2040,23084
충청남도,여자,95 - 99세,2040,9003
충청남도,여자,100세 이상,2040,2187
충청남도,계,계,2041,2273053
충청남도,계,0 - 4세,2041,59963
충청남도,계,5 - 9세,2041,60733
충청남도,계,10 - 14세,2041,55270
충청남도,계,15 - 19세,2041,53284
충청남도,계,20 - 24세,2041,76819
충청남도,계,25 - 29세,2041,100422
충청남도,계,30 - 34세,2041,105847
충청남도,계,35 - 39세,2041,112476
충청남도,계,40 - 44세,2041,147295
충청남도,계,45 - 49세,2041,160136
충청남도,계,50 - 54세,2041,149592
충청남도,계,55 - 59세,2041,171582
충청남도,계,60 - 64세,2041,184398
충청남도,계,65 - 69세,2041,194919
충청남도,계,70 - 74세,2041,195037
충청남도,계,75 - 79세,2041,168462
충청남도,계,80세이상,2041,276818
충청남도,계,80 - 84세,2041,146658
충청남도,계,85 - 89세,2041,80691
충청남도,계,90 - 94세,2041,35867
충청남도,계,95 - 99세,2041,11006
충청남도,계,100세 이상,2041,2596
충청남도,남자,계,2041,1187232
충청남도,남자,0 - 4세,2041,30619
충청남도,남자,5 - 9세,2041,31075
충청남도,남자,10 - 14세,2041,28347
충청남도,남자,15 - 19세,2041,27334
충청남도,남자,20 - 24세,2041,41642
충청남도,남자,25 - 29세,2041,57130
충청남도,남자,30 - 34세,2041,60429
충청남도,남자,35 - 39세,2041,63517
충청남도,남자,40 - 44세,2041,83069
충청남도,남자,45 - 49세,2041,90701
충청남도,남자,50 - 54세,2041,82608
충청남도,남자,55 - 59세,2041,92047
충청남도,남자,60 - 64세,2041,97913
충청남도,남자,65 - 69세,2041,101934
충청남도,남자,70 - 74세,2041,100031
충청남도,남자,75 - 79세,2041,84108
충청남도,남자,80세이상,2041,114728
충청남도,남자,80 - 84세,2041,67636
충청남도,남자,85 - 89세,2041,32481
충청남도,남자,90 - 94세,2041,11739
충청남도,남자,95 - 99세,2041,2521
충청남도,남자,100세 이상,2041,351
충청남도,여자,계,2041,1085821
충청남도,여자,0 - 4세,2041,29344
충청남도,여자,5 - 9세,2041,29658
충청남도,여자,10 - 14세,2041,26923
충청남도,여자,15 - 19세,2041,25950
충청남도,여자,20 - 24세,2041,35177
충청남도,여자,25 - 29세,2041,43292
충청남도,여자,30 - 34세,2041,45418
충청남도,여자,35 - 39세,2041,48959
충청남도,여자,40 - 44세,2041,64226
충청남도,여자,45 - 49세,2041,69435
충청남도,여자,50 - 54세,2041,66984
충청남도,여자,55 - 59세,2041,79535
충청남도,여자,60 - 64세,2041,86485
충청남도,여자,65 - 69세,2041,92985
충청남도,여자,70 - 74세,2041,95006
충청남도,여자,75 - 79세,2041,84354
충청남도,여자,80세이상,2041,162090
충청남도,여자,80 - 84세,2041,79022
충청남도,여자,85 - 89세,2041,48210
충청남도,여자,90 - 94세,2041,24128
충청남도,여자,95 - 99세,2041,8485
충청남도,여자,100세 이상,2041,2245
충청남도,계,계,2042,2270318
충청남도,계,0 - 4세,2042,58847
충청남도,계,5 - 9세,2042,61138
충청남도,계,10 - 14세,2042,56851
충청남도,계,15 - 19세,2042,52448
충청남도,계,20 - 24세,2042,71381
충청남도,계,25 - 29세,2042,96997
충청남도,계,30 - 34세,2042,106686
충청남도,계,35 - 39세,2042,109208
충청남도,계,40 - 44세,2042,141866
충청남도,계,45 - 49세,2042,159625
충청남도,계,50 - 54세,2042,152460
충청남도,계,55 - 59세,2042,163464
충청남도,계,60 - 64세,2042,190419
충청남도,계,65 - 69세,2042,189566
충청남도,계,70 - 74세,2042,199089
충청남도,계,75 - 79세,2042,169907
충청남도,계,80세이상,2042,290366
충청남도,계,80 - 84세,2042,151884
충청남도,계,85 - 89세,2042,85964
충청남도,계,90 - 94세,2042,38010
충청남도,계,95 - 99세,2042,11604
충청남도,계,100세 이상,2042,2904
충청남도,남자,계,2042,1185746
충청남도,남자,0 - 4세,2042,30050
충청남도,남자,5 - 9세,2042,31285
충청남도,남자,10 - 14세,2042,29159
충청남도,남자,15 - 19세,2042,26947
충청남도,남자,20 - 24세,2042,38646
충청남도,남자,25 - 29세,2042,55246
충청남도,남자,30 - 34세,2042,60817
충청남도,남자,35 - 39세,2042,61890
충청남도,남자,40 - 44세,2042,79682
충청남도,남자,45 - 49세,2042,90519
충청남도,남자,50 - 54세,2042,84630
충청남도,남자,55 - 59세,2042,87960
충청남도,남자,60 - 64세,2042,101073
충청남도,남자,65 - 69세,2042,99130
충청남도,남자,70 - 74세,2042,102544
충청남도,남자,75 - 79세,2042,85080
충청남도,남자,80세이상,2042,121088
충청남도,남자,80 - 84세,2042,70345
충청남도,남자,85 - 89세,2042,34936
충청남도,남자,90 - 94세,2042,12591
충청남도,남자,95 - 99세,2042,2811
충청남도,남자,100세 이상,2042,405
충청남도,여자,계,2042,1084572
충청남도,여자,0 - 4세,2042,28797
충청남도,여자,5 - 9세,2042,29853
충청남도,여자,10 - 14세,2042,27692
충청남도,여자,15 - 19세,2042,25501
충청남도,여자,20 - 24세,2042,32735
충청남도,여자,25 - 29세,2042,41751
충청남도,여자,30 - 34세,2042,45869
충청남도,여자,35 - 39세,2042,47318
충청남도,여자,40 - 44세,2042,62184
충청남도,여자,45 - 49세,2042,69106
충청남도,여자,50 - 54세,2042,67830
충청남도,여자,55 - 59세,2042,75504
충청남도,여자,60 - 64세,2042,89346
충청남도,여자,65 - 69세,2042,90436
충청남도,여자,70 - 74세,2042,96545
충청남도,여자,75 - 79세,2042,84827
충청남도,여자,80세이상,2042,169278
충청남도,여자,80 - 84세,2042,81539
충청남도,여자,85 - 89세,2042,51028
충청남도,여자,90 - 94세,2042,25419
충청남도,여자,95 - 99세,2042,8793
충청남도,여자,100세 이상,2042,2499
충청남도,계,계,2043,2266742
충청남도,계,0 - 4세,2043,57717
충청남도,계,5 - 9세,2043,61230
충청남도,계,10 - 14세,2043,58192
충청남도,계,15 - 19세,2043,52352
충청남도,계,20 - 24세,2043,67172
충청남도,계,25 - 29세,2043,92678
충청남도,계,30 - 34세,2043,105601
충청남도,계,35 - 39세,2043,108197
충청남도,계,40 - 44세,2043,136008
충청남도,계,45 - 49세,2043,157901
충청남도,계,50 - 54세,2043,156598
충청남도,계,55 - 59세,2043,156832
충청남도,계,60 - 64세,2043,193197
충청남도,계,65 - 69세,2043,185095
충청남도,계,70 - 74세,2043,202892
충청남도,계,75 - 79세,2043,170013
충청남도,계,80세이상,2043,305067
충청남도,계,80 - 84세,2043,157246
충청남도,계,85 - 89세,2043,92968
충청남도,계,90 - 94세,2043,39388
충청남도,계,95 - 99세,2043,12398
충청남도,계,100세 이상,2043,3067
충청남도,남자,계,2043,1183722
충청남도,남자,0 - 4세,2043,29473
충청남도,남자,5 - 9세,2043,31331
충청남도,남자,10 - 14세,2043,29852
충청남도,남자,15 - 19세,2043,26883
충청남도,남자,20 - 24세,2043,36401
충청남도,남자,25 - 29세,2043,52917
충청남도,남자,30 - 34세,2043,60162
충청남도,남자,35 - 39세,2043,61147
충청남도,남자,40 - 44세,2043,76178
충청남도,남자,45 - 49세,2043,89604
충청남도,남자,50 - 54세,2043,87442
충청남도,남자,55 - 59세,2043,84705
충청남도,남자,60 - 64세,2043,102556
충청남도,남자,65 - 69세,2043,96988
충청남도,남자,70 - 74세,2043,104843
충청남도,남자,75 - 79세,2043,85126
충청남도,남자,80세이상,2043,128114
충청남도,남자,80 - 84세,2043,73340
충청남도,남자,85 - 89세,2043,38105
충청남도,남자,90 - 94세,2043,13133
충청남도,남자,95 - 99세,2043,3097
충청남도,남자,100세 이상,2043,439
충청남도,여자,계,2043,1083020
충청남도,여자,0 - 4세,2043,28244
충청남도,여자,5 - 9세,2043,29899
충청남도,여자,10 - 14세,2043,28340
충청남도,여자,15 - 19세,2043,25469
충청남도,여자,20 - 24세,2043,30771
충청남도,여자,25 - 29세,2043,39761
충청남도,여자,30 - 34세,2043,45439
충청남도,여자,35 - 39세,2043,47050
충청남도,여자,40 - 44세,2043,59830
충청남도,여자,45 - 49세,2043,68297
충청남도,여자,50 - 54세,2043,69156
충청남도,여자,55 - 59세,2043,72127
충청남도,여자,60 - 64세,2043,90641
충청남도,여자,65 - 69세,2043,88107
충청남도,여자,70 - 74세,2043,98049
충청남도,여자,75 - 79세,2043,84887
충청남도,여자,80세이상,2043,176953
충청남도,여자,80 - 84세,2043,83906
충청남도,여자,85 - 89세,2043,54863
충청남도,여자,90 - 94세,2043,26255
충청남도,여자,95 - 99세,2043,9301
충청남도,여자,100세 이상,2043,2628
충청남도,계,계,2044,2262279
충청남도,계,0 - 4세,2044,56723
충청남도,계,5 - 9세,2044,60919
충청남도,계,10 - 14세,2044,59273
충청남도,계,15 - 19세,2044,53116
충청남도,계,20 - 24세,2044,63671
충청남도,계,25 - 29세,2044,88252
충청남도,계,30 - 34세,2044,105066
충청남도,계,35 - 39세,2044,106655
충청남도,계,40 - 44세,2044,130110
충청남도,계,45 - 49세,2044,155688
충청남도,계,50 - 54세,2044,160287
충청남도,계,55 - 59세,2044,153888
충청남도,계,60 - 64세,2044,191768
충청남도,계,65 - 69세,2044,181393
충청남도,계,70 - 74세,2044,201540
충청남도,계,75 - 79세,2044,179560
충청남도,계,80세이상,2044,314370
충청남도,계,80 - 84세,2044,156133
충청남도,계,85 - 89세,2044,100432
충청남도,계,90 - 94세,2044,41388
충청남도,계,95 - 99세,2044,13352
충청남도,계,100세 이상,2044,3065
충청남도,남자,계,2044,1181180
충청남도,남자,0 - 4세,2044,28965
충청남도,남자,5 - 9세,2044,31170
충청남도,남자,10 - 14세,2044,30411
충청남도,남자,15 - 19세,2044,27294
충청남도,남자,20 - 24세,2044,34480
충청남도,남자,25 - 29세,2044,50380
충청남도,남자,30 - 34세,2044,59863
충청남도,남자,35 - 39세,2044,60274
충청남도,남자,40 - 44세,2044,72736
충청남도,남자,45 - 49세,2044,88083
충청남도,남자,50 - 54세,2044,89903
충청남도,남자,55 - 59세,2044,83696
충청남도,남자,60 - 64세,2044,101888
충청남도,남자,65 - 69세,2044,95317
충청남도,남자,70 - 74세,2044,104518
충청남도,남자,75 - 79세,2044,89787
충청남도,남자,80세이상,2044,132415
충청남도,남자,80 - 84세,2044,73272
충청남도,남자,85 - 89세,2044,41411
충청남도,남자,90 - 94세,2044,13881
충청남도,남자,95 - 99세,2044,3410
충청남도,남자,100세 이상,2044,441
충청남도,여자,계,2044,1081099
충청남도,여자,0 - 4세,2044,27758
충청남도,여자,5 - 9세,2044,29749
충청남도,여자,10 - 14세,2044,28862
충청남도,여자,15 - 19세,2044,25822
충청남도,여자,20 - 24세,2044,29191
충청남도,여자,25 - 29세,2044,37872
충청남도,여자,30 - 34세,2044,45203
충청남도,여자,35 - 39세,2044,46381
충청남도,여자,40 - 44세,2044,57374
충청남도,여자,45 - 49세,2044,67605
충청남도,여자,50 - 54세,2044,70384
충청남도,여자,55 - 59세,2044,70192
충청남도,여자,60 - 64세,2044,89880
충청남도,여자,65 - 69세,2044,86076
충청남도,여자,70 - 74세,2044,97022
충청남도,여자,75 - 79세,2044,89773
충청남도,여자,80세이상,2044,181955
충청남도,여자,80 - 84세,2044,82861
충청남도,여자,85 - 89세,2044,59021
충청남도,여자,90 - 94세,2044,27507
충청남도,여자,95 - 99세,2044,9942
충청남도,여자,100세 이상,2044,2624
충청남도,계,계,2045,2256841
충청남도,계,0 - 4세,2045,55821
충청남도,계,5 - 9세,2045,60287
충청남도,계,10 - 14세,2045,60098
충청남도,계,15 - 19세,2045,54546
충청남도,계,20 - 24세,2045,60873
충청남도,계,25 - 29세,2045,82564
충청남도,계,30 - 34세,2045,104870
충청남도,계,35 - 39세,2045,106789
충청남도,계,40 - 44세,2045,121960
충청남도,계,45 - 49세,2045,154264
충청남도,계,50 - 54세,2045,162883
충청남도,계,55 - 59세,2045,153893
충청남도,계,60 - 64세,2045,184852
충청남도,계,65 - 69세,2045,183764
충청남도,계,70 - 74세,2045,199872
충청남도,계,75 - 79세,2045,180985
충청남도,계,80세이상,2045,328520
충청남도,계,80 - 84세,2045,157107
충청남도,계,85 - 89세,2045,107753
충청남도,계,90 - 94세,2045,46118
충청남도,계,95 - 99세,2045,14512
충청남도,계,100세 이상,2045,3030
충청남도,남자,계,2045,1178105
충청남도,남자,0 - 4세,2045,28506
충청남도,남자,5 - 9세,2045,30844
충청남도,남자,10 - 14세,2045,30837
충청남도,남자,15 - 19세,2045,28021
충청남도,남자,20 - 24세,2045,32918
충청남도,남자,25 - 29세,2045,47372
충청남도,남자,30 - 34세,2045,59669
충청남도,남자,35 - 39세,2045,60183
충청남도,남자,40 - 44세,2045,68222
충청남도,남자,45 - 49세,2045,86763
충청남도,남자,50 - 54세,2045,91798
충청남도,남자,55 - 59세,2045,84149
충청남도,남자,60 - 64세,2045,98625
충청남도,남자,65 - 69세,2045,96624
충청남도,남자,70 - 74세,2045,103793
충청남도,남자,75 - 79세,2045,90762
충청남도,남자,80세이상,2045,139019
충청남도,남자,80 - 84세,2045,74390
충청남도,남자,85 - 89세,2045,44740
충청남도,남자,90 - 94세,2045,15703
충청남도,남자,95 - 99세,2045,3742
충청남도,남자,100세 이상,2045,444
충청남도,여자,계,2045,1078736
충청남도,여자,0 - 4세,2045,27315
충청남도,여자,5 - 9세,2045,29443
충청남도,여자,10 - 14세,2045,29261
충청남도,여자,15 - 19세,2045,26525
충청남도,여자,20 - 24세,2045,27955
충청남도,여자,25 - 29세,2045,35192
충청남도,여자,30 - 34세,2045,45201
충청남도,여자,35 - 39세,2045,46606
충청남도,여자,40 - 44세,2045,53738
충청남도,여자,45 - 49세,2045,67501
충청남도,여자,50 - 54세,2045,71085
충청남도,여자,55 - 59세,2045,69744
충청남도,여자,60 - 64세,2045,86227
충청남도,여자,65 - 69세,2045,87140
충청남도,여자,70 - 74세,2045,96079
충청남도,여자,75 - 79세,2045,90223
충청남도,여자,80세이상,2045,189501
충청남도,여자,80 - 84세,2045,82717
충청남도,여자,85 - 89세,2045,63013
충청남도,여자,90 - 94세,2045,30415
충청남도,여자,95 - 99세,2045,10770
충청남도,여자,100세 이상,2045,2586
충청남도,계,계,2046,2250222
충청남도,계,0 - 4세,2046,54959
충청남도,계,5 - 9세,2046,59393
충청남도,계,10 - 14세,2046,60691
충청남도,계,15 - 19세,2046,56358
충청남도,계,20 - 24세,2046,58840
충청남도,계,25 - 29세,2046,76638
충청남도,계,30 - 34세,2046,102872
충청남도,계,35 - 39세,2046,108270
충청남도,계,40 - 44세,2046,114705
충청남도,계,45 - 49세,2046,151532
충청남도,계,50 - 54세,2046,165314
충청남도,계,55 - 59세,2046,154207
충청남도,계,60 - 64세,2046,177548
충청남도,계,65 - 69세,2046,187827
충청남도,계,70 - 74세,2046,194579
충청남도,계,75 - 79세,2046,188667
충청남도,계,80세이상,2046,337822
충청남도,계,80 - 84세,2046,151957
충청남도,계,85 - 89세,2046,117218
충청남도,계,90 - 94세,2046,50812
충청남도,계,95 - 99세,2046,14958
충청남도,계,100세 이상,2046,2877
충청남도,남자,계,2046,1174412
충청남도,남자,0 - 4세,2046,28066
충청남도,남자,5 - 9세,2046,30388
충청남도,남자,10 - 14세,2046,31145
충청남도,남자,15 - 19세,2046,28956
충청남도,남자,20 - 24세,2046,31760
충청남도,남자,25 - 29세,2046,44101
충청남도,남자,30 - 34세,2046,58518
충청남도,남자,35 - 39세,2046,61062
충청남도,남자,40 - 44세,2046,64211
충청남도,남자,45 - 49세,2046,84873
충청남도,남자,50 - 54세,2046,93313
충청남도,남자,55 - 59세,2046,84722
충청남도,남자,60 - 64세,2046,94893
충청남도,남자,65 - 69세,2046,99316
충청남도,남자,70 - 74세,2046,100834
충청남도,남자,75 - 79세,2046,95010
충청남도,남자,80세이상,2046,143244
충청남도,남자,80 - 84세,2046,72367
충청남도,남자,85 - 89세,2046,49106
충청남도,남자,90 - 94세,2046,17491
충청남도,남자,95 - 99세,2046,3846
충청남도,남자,100세 이상,2046,434
충청남도,여자,계,2046,1075810
충청남도,여자,0 - 4세,2046,26893
충청남도,여자,5 - 9세,2046,29005
충청남도,여자,10 - 14세,2046,29546
충청남도,여자,15 - 19세,2046,27402
충청남도,여자,20 - 24세,2046,27080
충청남도,여자,25 - 29세,2046,32537
충청남도,여자,30 - 34세,2046,44354
충청남도,여자,35 - 39세,2046,47208
충청남도,여자,40 - 44세,2046,50494
충청남도,여자,45 - 49세,2046,66659
충청남도,여자,50 - 54세,2046,72001
충청남도,여자,55 - 59세,2046,69485
충청남도,여자,60 - 64세,2046,82655
충청남도,여자,65 - 69세,2046,88511
충청남도,여자,70 - 74세,2046,93745
충청남도,여자,75 - 79세,2046,93657
충청남도,여자,80세이상,2046,194578
충청남도,여자,80 - 84세,2046,79590
충청남도,여자,85 - 89세,2046,68112
충청남도,여자,90 - 94세,2046,33321
충청남도,여자,95 - 99세,2046,11112
충청남도,여자,100세 이상,2046,2443
충청남도,계,계,2047,2242396
충청남도,계,0 - 4세,2047,54082
충청남도,계,5 - 9세,2047,58286
충청남도,계,10 - 14세,2047,61088
충청남도,계,15 - 19세,2047,57953
충청남도,계,20 - 24세,2047,57958
충청남도,계,25 - 29세,2047,71624
충청남도,계,30 - 34세,2047,99448
충청남도,계,35 - 39세,2047,109143
충청남도,계,40 - 44세,2047,111367
충청남도,계,45 - 49세,2047,145875
충청남도,계,50 - 54세,2047,164793
충청남도,계,55 - 59세,2047,157366
충청남도,계,60 - 64세,2047,169168
충청남도,계,65 - 69세,2047,193960
충청남도,계,70 - 74세,2047,189184
충청남도,계,75 - 79세,2047,192678
충청남도,계,80세이상,2047,348423
충청남도,계,80 - 84세,2047,153587
충청남도,계,85 - 89세,2047,121344
충청남도,계,90 - 94세,2047,54338
충청남도,계,95 - 99세,2047,16002
충청남도,계,100세 이상,2047,3152
충청남도,남자,계,2047,1170083
충청남도,남자,0 - 4세,2047,27619
충청남도,남자,5 - 9세,2047,29822
충청남도,남자,10 - 14세,2047,31350
충청남도,남자,15 - 19세,2047,29783
충청남도,남자,20 - 24세,2047,31337
충청남도,남자,25 - 29세,2047,41222
충청남도,남자,30 - 34세,2047,56611
충청남도,남자,35 - 39세,2047,61456
충청남도,남자,40 - 44세,2047,62516
충청남도,남자,45 - 49세,2047,81394
충청남도,남자,50 - 54세,2047,93105
충청남도,남자,55 - 59세,2047,86898
충청남도,남자,60 - 64세,2047,90714
충청남도,남자,65 - 69세,2047,102541
충청남도,남자,70 - 74세,2047,98079
충청남도,남자,75 - 79세,2047,97487
충청남도,남자,80세이상,2047,148149
충청남도,남자,80 - 84세,2047,73441
충청남도,남자,85 - 89세,2047,51086
충청남도,남자,90 - 94세,2047,18928
충청남도,남자,95 - 99세,2047,4189
충청남도,남자,100세 이상,2047,505
충청남도,여자,계,2047,1072313
충청남도,여자,0 - 4세,2047,26463
충청남도,여자,5 - 9세,2047,28464
충청남도,여자,10 - 14세,2047,29738
충청남도,여자,15 - 19세,2047,28170
충청남도,여자,20 - 24세,2047,26621
충청남도,여자,25 - 29세,2047,30402
충청남도,여자,30 - 34세,2047,42837
충청남도,여자,35 - 39세,2047,47687
충청남도,여자,40 - 44세,2047,48851
충청남도,여자,45 - 49세,2047,64481
충청남도,여자,50 - 54세,2047,71688
충청남도,여자,55 - 59세,2047,70468
충청남도,여자,60 - 64세,2047,78454
충청남도,여자,65 - 69세,2047,91419
충청남도,여자,70 - 74세,2047,91105
충청남도,여자,75 - 79세,2047,95191
충청남도,여자,80세이상,2047,200274
충청남도,여자,80 - 84세,2047,80146
충청남도,여자,85 - 89세,2047,70258
충청남도,여자,90 - 94세,2047,35410
충청남도,여자,95 - 99세,2047,11813
충청남도,여자,100세 이상,2047,2647
충청남도,계,계,2048,2233333
충청남도,계,0 - 4세,2048,53132
충청남도,계,5 - 9세,2048,57166
충청남도,계,10 - 14세,2048,61180
충청남도,계,15 - 19세,2048,59304
충청남도,계,20 - 24세,2048,57818
충청남도,계,25 - 29세,2048,67755
충청남도,계,30 - 34세,2048,95066
충청남도,계,35 - 39세,2048,108053
충청남도,계,40 - 44세,2048,110438
충청남도,계,45 - 49세,2048,139733
충청남도,계,50 - 54세,2048,162963
충청남도,계,55 - 59세,2048,161871
충청남도,계,60 - 64세,2048,162330
충청남도,계,65 - 69세,2048,196757
충청남도,계,70 - 74세,2048,184728
충청남도,계,75 - 79세,2048,196419
충청남도,계,80세이상,2048,358620
충청남도,계,80 - 84세,2048,154101
충청남도,계,85 - 89세,2048,125607
충청남도,계,90 - 94세,2048,58810
충청남도,계,95 - 99세,2048,16689
충청남도,계,100세 이상,2048,3413
충청남도,남자,계,2048,1165124
충청남도,남자,0 - 4세,2048,27133
충청남도,남자,5 - 9세,2048,29250
충청남도,남자,10 - 14세,2048,31396
충청남도,남자,15 - 19세,2048,30486
충청남도,남자,20 - 24세,2048,31232
충청남도,남자,25 - 29세,2048,39082
충청남도,남자,30 - 34세,2048,54216
충청남도,남자,35 - 39세,2048,60812
충청남도,남자,40 - 44세,2048,61811
충청남도,남자,45 - 49세,2048,77770
충청남도,남자,50 - 54세,2048,92076
충청남도,남자,55 - 59세,2048,89911
충청남도,남자,60 - 64세,2048,87381
충청남도,남자,65 - 69세,2048,104073
충청남도,남자,70 - 74세,2048,95992
충청남도,남자,75 - 79세,2048,99743
충청남도,남자,80세이상,2048,152760
충청남도,남자,80 - 84세,2048,73752
충청남도,남자,85 - 89세,2048,53343
충청남도,남자,90 - 94세,2048,20696
충청남도,남자,95 - 99세,2048,4404
충청남도,남자,100세 이상,2048,565
충청남도,여자,계,2048,1068209
충청남도,여자,0 - 4세,2048,25999
충청남도,여자,5 - 9세,2048,27916
충청남도,여자,10 - 14세,2048,29784
충청남도,여자,15 - 19세,2048,28818
충청남도,여자,20 - 24세,2048,26586
충청남도,여자,25 - 29세,2048,28673
충청남도,여자,30 - 34세,2048,40850
충청남도,여자,35 - 39세,2048,47241
충청남도,여자,40 - 44세,2048,48627
충청남도,여자,45 - 49세,2048,61963
충청남도,여자,50 - 54세,2048,70887
충청남도,여자,55 - 59세,2048,71960
충청남도,여자,60 - 64세,2048,74949
충청남도,여자,65 - 69세,2048,92684
충청남도,여자,70 - 74세,2048,88736
충청남도,여자,75 - 79세,2048,96676
충청남도,여자,80세이상,2048,205860
충청남도,여자,80 - 84세,2048,80349
충청남도,여자,85 - 89세,2048,72264
충청남도,여자,90 - 94세,2048,38114
충청남도,여자,95 - 99세,2048,12285
충청남도,여자,100세 이상,2048,2848
충청남도,계,계,2049,2222998
충청남도,계,0 - 4세,2049,52062
충청남도,계,5 - 9세,2049,56190
충청남도,계,10 - 14세,2049,60868
충청남도,계,15 - 19세,2049,60387
충청남도,계,20 - 24세,2049,58612
충청남도,계,25 - 29세,2049,64414
충청남도,계,30 - 34세,2049,90571
충청남도,계,35 - 39세,2049,107503
충청남도,계,40 - 44세,2049,108938
충청남도,계,45 - 49세,2049,133632
충청남도,계,50 - 54세,2049,160613
충청남도,계,55 - 59세,2049,165823
충청남도,계,60 - 64세,2049,159332
충청남도,계,65 - 69세,2049,195283
충청남도,계,70 - 74세,2049,181055
충청남도,계,75 - 79세,2049,195266
충청남도,계,80세이상,2049,372449
충청남도,계,80 - 84세,2049,162948
충청남도,계,85 - 89세,2049,124585
충청남도,계,90 - 94세,2049,63589
충청남도,계,95 - 99세,2049,17679
충청남도,계,100세 이상,2049,3648
충청남도,남자,계,2049,1159538
충청남도,남자,0 - 4세,2049,26585
충청남도,남자,5 - 9세,2049,28749
충청남도,남자,10 - 14세,2049,31234
충청남도,남자,15 - 19세,2049,31050
충청남도,남자,20 - 24세,2049,31661
충청남도,남자,25 - 29세,2049,37178
충청남도,남자,30 - 34세,2049,51643
충청남도,남자,35 - 39세,2049,60495
충청남도,남자,40 - 44세,2049,60974
충청남도,남자,45 - 49세,2049,74228
충청남도,남자,50 - 54세,2049,90446
충청남도,남자,55 - 59세,2049,92509
충청남도,남자,60 - 64세,2049,86352
충청남도,남자,65 - 69세,2049,103431
충청남도,남자,70 - 74세,2049,94368
충청남도,남자,75 - 79세,2049,99557
충청남도,남자,80세이상,2049,159078
충청남도,남자,80 - 84세,2049,77961
충청남도,남자,85 - 89세,2049,53253
충청남도,남자,90 - 94세,2049,22543
충청남도,남자,95 - 99세,2049,4701
충청남도,남자,100세 이상,2049,620
충청남도,여자,계,2049,1063460
충청남도,여자,0 - 4세,2049,25477
충청남도,여자,5 - 9세,2049,27441
충청남도,여자,10 - 14세,2049,29634
충청남도,여자,15 - 19세,2049,29337
충청남도,여자,20 - 24세,2049,26951
충청남도,여자,25 - 29세,2049,27236
충청남도,여자,30 - 34세,2049,38928
충청남도,여자,35 - 39세,2049,47008
충청남도,여자,40 - 44세,2049,47964
충청남도,여자,45 - 49세,2049,59404
충청남도,여자,50 - 54세,2049,70167
충청남도,여자,55 - 59세,2049,73314
충청남도,여자,60 - 64세,2049,72980
충청남도,여자,65 - 69세,2049,91852
충청남도,여자,70 - 74세,2049,86687
충청남도,여자,75 - 79세,2049,95709
충청남도,여자,80세이상,2049,213371
충청남도,여자,80 - 84세,2049,84987
충청남도,여자,85 - 89세,2049,71332
충청남도,여자,90 - 94세,2049,41046
충청남도,여자,95 - 99세,2049,12978
충청남도,여자,100세 이상,2049,3028
충청남도,계,계,2050,2211343
충청남도,계,0 - 4세,2050,50847
충청남도,계,5 - 9세,2050,55307
충청남도,계,10 - 14세,2050,60227
충청남도,계,15 - 19세,2050,61217
충청남도,계,20 - 24세,2050,60087
충청남도,계,25 - 29세,2050,61691
충청남도,계,30 - 34세,2050,84773
충청남도,계,35 - 39세,2050,107293
충청남도,계,40 - 44세,2050,109006
충청남도,계,45 - 49세,2050,125390
충청남도,계,50 - 54세,2050,159013
충청남도,계,55 - 59세,2050,168596
충청남도,계,60 - 64세,2050,159439
충청남도,계,65 - 69세,2050,188248
충청남도,계,70 - 74세,2050,183448
충청남도,계,75 - 79세,2050,193645
충청남도,계,80세이상,2050,383116
충청남도,계,80 - 84세,2050,164727
충청남도,계,85 - 89세,2050,125738
충청남도,계,90 - 94세,2050,68723
충청남도,계,95 - 99세,2050,20010
충청남도,계,100세 이상,2050,3918
충청남도,남자,계,2050,1153302
충청남도,남자,0 - 4세,2050,25965
충청남도,남자,5 - 9세,2050,28298
충청남도,남자,10 - 14세,2050,30905
충청남도,남자,15 - 19세,2050,31480
충청남도,남자,20 - 24세,2050,32425
충청남도,남자,25 - 29세,2050,35630
충청남도,남자,30 - 34세,2050,48546
충청남도,남자,35 - 39세,2050,60297
충청남도,남자,40 - 44세,2050,60853
충청남도,남자,45 - 49세,2050,69656
충청남도,남자,50 - 54세,2050,89044
충청남도,남자,55 - 59세,2050,94470
충청남도,남자,60 - 64세,2050,86869
충청남도,남자,65 - 69세,2050,100138
충청남도,남자,70 - 74세,2050,95708
충청남도,남자,75 - 79세,2050,98891
충청남도,남자,80세이상,2050,164127
충청남도,남자,80 - 84세,2050,79118
충청남도,남자,85 - 89세,2050,54327
충청남도,남자,90 - 94세,2050,24580
충청남도,남자,95 - 99세,2050,5426
충청남도,남자,100세 이상,2050,676
충청남도,여자,계,2050,1058041
충청남도,여자,0 - 4세,2050,24882
충청남도,여자,5 - 9세,2050,27009
충청남도,여자,10 - 14세,2050,29322
충청남도,여자,15 - 19세,2050,29737
충청남도,여자,20 - 24세,2050,27662
충청남도,여자,25 - 29세,2050,26061
충청남도,여자,30 - 34세,2050,36227
충청남도,여자,35 - 39세,2050,46996
충청남도,여자,40 - 44세,2050,48153
충청남도,여자,45 - 49세,2050,55734
충청남도,여자,50 - 54세,2050,69969
충청남도,여자,55 - 59세,2050,74126
충청남도,여자,60 - 64세,2050,72570
충청남도,여자,65 - 69세,2050,88110
충청남도,여자,70 - 74세,2050,87740
충청남도,여자,75 - 79세,2050,94754
충청남도,여자,80세이상,2050,218989
충청남도,여자,80 - 84세,2050,85609
충청남도,여자,85 - 89세,2050,71411
충청남도,여자,90 - 94세,2050,44143
충청남도,여자,95 - 99세,2050,14584
충청남도,여자,100세 이상,2050,3242
충청남도,계,계,2051,2198493
충청남도,계,0 - 4세,2051,49484
충청남도,계,5 - 9세,2051,54469
충청남도,계,10 - 14세,2051,59332
충청남도,계,15 - 19세,2051,61806
충청남도,계,20 - 24세,2051,61909
충청남도,계,25 - 29세,2051,59676
충청남도,계,30 - 34세,2051,78672
충청남도,계,35 - 39세,2051,105282
충청남도,계,40 - 44세,2051,110506
충청남도,계,45 - 49세,2051,117997
충청남도,계,50 - 54세,2051,156107
충청남도,계,55 - 59세,2051,171167
충청남도,계,60 - 64세,2051,159946
충청남도,계,65 - 69세,2051,180777
충청남도,계,70 - 74세,2051,187614
충청남도,계,75 - 79세,2051,188580
충청남도,계,80세이상,2051,395169
충청남도,계,80 - 84세,2051,171891
충청남도,계,85 - 89세,2051,122199
충청남도,계,90 - 94세,2051,75081
충청남도,계,95 - 99세,2051,22050
충청남도,계,100세 이상,2051,3948
충청남도,남자,계,2051,1146478
충청남도,남자,0 - 4세,2051,25269
충청남도,남자,5 - 9세,2051,27867
충청남도,남자,10 - 14세,2051,30445
충청남도,남자,15 - 19세,2051,31789
충청남도,남자,20 - 24세,2051,33396
충청남도,남자,25 - 29세,2051,34463
충청남도,남자,30 - 34세,2051,45144
충청남도,남자,35 - 39세,2051,59150
충청남도,남자,40 - 44세,2051,61742
충청남도,남자,45 - 49세,2051,65564
충청남도,남자,50 - 54세,2051,87074
충청남도,남자,55 - 59세,2051,96041
충청남도,남자,60 - 64세,2051,87558
충청남도,남자,65 - 69세,2051,96349
충청남도,남자,70 - 74세,2051,98451
충청남도,남자,75 - 79세,2051,96138
충청남도,남자,80세이상,2051,170038
충청남도,남자,80 - 84세,2051,82975
충청남도,남자,85 - 89세,2051,53160
충청남도,남자,90 - 94세,2051,27163
충청남도,남자,95 - 99세,2051,6057
충청남도,남자,100세 이상,2051,683
충청남도,여자,계,2051,1052015
충청남도,여자,0 - 4세,2051,24215
충청남도,여자,5 - 9세,2051,26602
충청남도,여자,10 - 14세,2051,28887
충청남도,여자,15 - 19세,2051,30017
충청남도,여자,20 - 24세,2051,28513
충청남도,여자,25 - 29세,2051,25213
충청남도,여자,30 - 34세,2051,33528
충청남도,여자,35 - 39세,2051,46132
충청남도,여자,40 - 44세,2051,48764
충청남도,여자,45 - 49세,2051,52433
충청남도,여자,50 - 54세,2051,69033
충청남도,여자,55 - 59세,2051,75126
충청남도,여자,60 - 64세,2051,72388
충청남도,여자,65 - 69세,2051,84428
충청남도,여자,70 - 74세,2051,89163
충청남도,여자,75 - 79세,2051,92442
충청남도,여자,80세이상,2051,225131
충청남도,여자,80 - 84세,2051,88916
충청남도,여자,85 - 89세,2051,69039
충청남도,여자,90 - 94세,2051,47918
충청남도,여자,95 - 99세,2051,15993
충청남도,여자,100세 이상,2051,3265
충청남도,계,계,2052,2184426
충청남도,계,0 - 4세,2052,47987
충청남도,계,5 - 9세,2052,53616
충청남도,계,10 - 14세,2052,58221
충청남도,계,15 - 19세,2052,62206
충청남도,계,20 - 24세,2052,63467
충청남도,계,25 - 29세,2052,58731
충청남도,계,30 - 34세,2052,73538
충청남도,계,35 - 39세,2052,101774
충청남도,계,40 - 44세,2052,111411
충청남도,계,45 - 49세,2052,114578
충청남도,계,50 - 54세,2052,150264
충청남도,계,55 - 59세,2052,170669
충청남도,계,60 - 64세,2052,163411
충청남도,계,65 - 69세,2052,172280
충청남도,계,70 - 74세,2052,193782
충청남도,계,75 - 79세,2052,183420
충청남도,계,80세이상,2052,405071
충청남도,계,80 - 84세,2052,175722
충청남도,계,85 - 89세,2052,123888
충청남도,계,90 - 94세,2052,77524
충청남도,계,95 - 99세,2052,23640
충청남도,계,100세 이상,2052,4297
충청남도,남자,계,2052,1139074
충청남도,남자,0 - 4세,2052,24503
충청남도,남자,5 - 9세,2052,27431
충청남도,남자,10 - 14세,2052,29873
충청남도,남자,15 - 19세,2052,32000
충청남도,남자,20 - 24세,2052,34232
충청남도,남자,25 - 29세,2052,33968
충청남도,남자,30 - 34세,2052,42222
충청남도,남자,35 - 39세,2052,57196
충청남도,남자,40 - 44세,2052,62148
충청남도,남자,45 - 49세,2052,63811
충청남도,남자,50 - 54세,2052,83521
충청남도,남자,55 - 59세,2052,95832
충청남도,남자,60 - 64세,2052,89903
충청남도,남자,65 - 69세,2052,92144
충청남도,남자,70 - 74세,2052,101689
충청남도,남자,75 - 79세,2052,93587
충청남도,남자,80세이상,2052,175014
충청남도,남자,80 - 84세,2052,85275
충청남도,남자,85 - 89세,2052,54188
충청남도,남자,90 - 94세,2052,28201
충청남도,남자,95 - 99세,2052,6587
충청남도,남자,100세 이상,2052,763
충청남도,여자,계,2052,1045352
충청남도,여자,0 - 4세,2052,23484
충청남도,여자,5 - 9세,2052,26185
충청남도,여자,10 - 14세,2052,28348
충청남도,여자,15 - 19세,2052,30206
충청남도,여자,20 - 24세,2052,29235
충청남도,여자,25 - 29세,2052,24763
충청남도,여자,30 - 34세,2052,31316
충청남도,여자,35 - 39세,2052,44578
충청남도,여자,40 - 44세,2052,49263
충청남도,여자,45 - 49세,2052,50767
충청남도,여자,50 - 54세,2052,66743
충청남도,여자,55 - 59세,2052,74837
충청남도,여자,60 - 64세,2052,73508
충청남도,여자,65 - 69세,2052,80136
충청남도,여자,70 - 74세,2052,92093
충청남도,여자,75 - 79세,2052,89833
충청남도,여자,80세이상,2052,230057
충청남도,여자,80 - 84세,2052,90447
충청남도,여자,85 - 89세,2052,69700
충청남도,여자,90 - 94세,2052,49323
충청남도,여자,95 - 99세,2052,17053
충청남도,여자,100세 이상,2052,3534
