"시나리오별(1)","시도별(1)","성별(1)","연령별(1)",2014,2015,2016,2017,2018,2019,2020,2021,2022,2023,2024,2025,2026,2027,2028,2029,2030,2031,2032,2033,2034,2035,2036,2037,2038,2039,2040,2041,2042,2043,2044,2045,2046,2047,2048,2049,2050,2051,2052
"중위 추계(기본 추계: 출산율-중위 / 기대수명-중위 / 국제이동-중위 / 국내이동-중위)","충청남도","계","계",2087600,2102811,2126174,2153380,2177105,2189132,2176641,2175014,2185996,2204306,2223801,2229051,2233847,2238820,2243868,2248859,2253655,2258170,2262324,2266059,2269269,2271887,2273941,2275392,2276109,2275980,2274956,2273053,2270318,2266742,2262279,2256841,2250222,2242396,2233333,2222998,2211343,2198493,2184426
"중위 추계(기본 추계: 출산율-중위 / 기대수명-중위 / 국제이동-중위 / 국내이동-중위)","충청남도","계","0 - 4세",98885,98388,96671,93942,89922,85074,77960,71124,65086,60484,57252,54371,52413,51801,51924,52783,54188,55947,57511,58843,59925,60749,61339,61736,61820,61506,60863,59963,58847,57717,56723,55821,54959,54082,53132,52062,50847,49484,47987
"중위 추계(기본 추계: 출산율-중위 / 기대수명-중위 / 국제이동-중위 / 국내이동-중위)","충청남도","계","5 - 9세",96922,97390,100018,101997,101817,101166,100270,97973,93966,89250,84694,78145,71338,65376,60659,56878,53981,51957,51252,51292,52117,53536,55316,56893,58234,59313,60140,60733,61138,61230,60919,60287,59393,58286,57166,56190,55307,54469,53616
"중위 추계(기본 추계: 출산율-중위 / 기대수명-중위 / 국제이동-중위 / 국내이동-중위)","충청남도","계","10 - 14세",109870,102891,97176,95939,97559,97857,98940,101312,102654,101906,101645,101291,98890,94899,89915,84820,78294,71495,65576,60903,57109,54161,52080,51303,51271,52061,53480,55270,56851,58192,59273,60098,60691,61088,61180,60868,60227,59332,58221
"중위 추계(기본 추계: 출산율-중위 / 기대수명-중위 / 국제이동-중위 / 국내이동-중위)","충청남도","계","15 - 19세",138950,137444,136297,131692,126260,121220,110232,103968,105190,103931,101463,101519,103242,104305,103367,102680,102289,99906,95927,90966,85870,79360,72585,66715,62107,58341,55383,53284,52448,52352,53116,54546,56358,57953,59304,60387,61217,61806,62206
"중위 추계(기본 추계: 출산율-중위 / 기대수명-중위 / 국제이동-중위 / 국내이동-중위)","충청남도","계","20 - 24세",139208,142632,147461,147756,147773,145945,139136,135035,132220,131537,129655,120764,112494,108436,106380,104213,104552,106166,107119,106110,105448,105052,102769,99021,94313,89425,83200,76819,71381,67172,63671,60873,58840,57958,57818,58612,60087,61909,63467
"중위 추계(기본 추계: 출산율-중위 / 기대수명-중위 / 국제이동-중위 / 국내이동-중위)","충청남도","계","25 - 29세",128911,127450,127638,131090,134366,136444,135374,134329,133270,134651,136319,136897,136242,132312,128109,123310,115199,108096,104844,103497,101725,102006,103506,104345,103259,102687,102465,100422,96997,92678,88252,82564,76638,71624,67755,64414,61691,59676,58731
"중위 추계(기본 추계: 출산율-중위 / 기대수명-중위 / 국제이동-중위 / 국내이동-중위)","충청남도","계","30 - 34세",160240,154752,149260,144017,140258,138078,135086,132416,133301,137633,141454,143109,144993,144632,143499,142095,141733,140068,135379,130415,125128,117128,110122,106918,105790,104173,104380,105847,106686,105601,105066,104870,102872,99448,95066,90571,84773,78672,73538
"중위 추계(기본 추계: 출산율-중위 / 기대수명-중위 / 국제이동-중위 / 국내이동-중위)","충청남도","계","35 - 39세",152392,155202,158956,165871,170607,169411,161086,153619,146177,141697,140553,139937,139212,140906,143684,146427,148502,150623,150211,148814,147024,146138,143953,138824,133329,127675,119603,112476,109208,108197,106655,106789,108270,109143,108053,107503,107293,105282,101774
"중위 추계(기본 추계: 출산율-중위 / 기대수명-중위 / 국제이동-중위 / 국내이동-중위)","충청남도","계","40 - 44세",170107,169527,165535,162998,160845,158204,159659,162846,168393,171732,172035,165540,159089,151598,145405,142507,142142,141809,144026,147387,150538,152836,155075,154608,153028,150993,149797,147295,141866,136008,130110,121960,114705,111367,110438,108938,109006,110506,111411
"중위 추계(기본 추계: 출산율-중위 / 기대수명-중위 / 국제이동-중위 / 국내이동-중위)","충청남도","계","45 - 49세",162124,162010,169235,173684,177806,176605,174601,170374,166446,163732,161925,164914,168684,174594,177476,176120,169480,162813,155105,148775,145884,145664,145581,148151,151932,155366,157811,160136,159625,157901,155688,154264,151532,145875,139733,133632,125390,117997,114578
"중위 추계(기본 추계: 출산율-중위 / 기대수명-중위 / 국제이동-중위 / 국내이동-중위)","충청남도","계","50 - 54세",163867,165773,158485,159431,159390,169174,167748,174956,178722,182707,182174,181516,177500,173338,169763,166847,169555,173276,179133,181877,180428,173690,166846,158945,152485,149582,149478,149592,152460,156598,160287,162883,165314,164793,162963,160613,159013,156107,150264
"중위 추계(기본 추계: 출산율-중위 / 기대수명-중위 / 국제이동-중위 / 국내이동-중위)","충청남도","계","55 - 59세",141140,148927,160606,167155,173043,171315,171937,163725,164487,164608,175349,175255,183067,187056,190761,189446,188422,183915,179274,175318,172047,174539,178295,184180,186892,185442,178634,171582,163464,156832,153888,153893,154207,157366,161871,165823,168596,171167,170669
"중위 추계(기본 추계: 출산율-중위 / 기대수명-중위 / 국제이동-중위 / 국내이동-중위)","충청남도","계","60 - 64세",103547,110736,121123,127505,137206,146976,154780,167129,173363,180042,178514,179335,171745,172774,172545,182741,183071,190983,194996,198777,197383,196034,191091,186014,181715,178141,180506,184398,190419,193197,191768,184852,177548,169168,162330,159332,159439,159946,163411
"중위 추계(기본 추계: 출산율-중위 / 기대수명-중위 / 국제이동-중위 / 국내이동-중위)","충청남도","계","65 - 69세",85733,90895,96480,100421,102404,104793,112640,122683,129281,139151,149749,158731,171680,177762,184050,182485,183136,175771,176919,176678,186725,187436,195353,199383,203178,201755,200166,194919,189566,185095,181393,183764,187827,193960,196757,195283,188248,180777,172280
"중위 추계(기본 추계: 출산율-중위 / 기대수명-중위 / 국제이동-중위 / 국내이동-중위)","충청남도","계","70 - 74세",85480,83725,80321,79040,79348,83079,89237,94462,98516,100432,103187,111353,121737,128393,138353,148993,158066,170870,176885,183034,181585,182159,175162,176423,176266,186121,187170,195037,199089,202892,201540,199872,194579,189184,184728,181055,183448,187614,193782
"중위 추계(기본 추계: 출산율-중위 / 기대수명-중위 / 국제이동-중위 / 국내이동-중위)","충청남도","계","75 - 79세",76114,75958,74760,78006,79828,78444,77517,74252,73246,73956,77560,83598,88539,92497,94609,97644,105813,115865,122522,132140,142373,151320,163693,169464,175352,174054,174757,168462,169907,170013,179560,180985,188667,192678,196419,195266,193645,188580,183420
"중위 추계(기본 추계: 출산율-중위 / 기대수명-중위 / 국제이동-중위 / 국내이동-중위)","충청남도","계","80세이상",74110,79111,86152,92836,98673,105347,110438,114811,121678,126857,130273,132776,132982,138141,143369,148870,155232,158610,165645,171233,177960,190079,201175,212469,225138,239345,257123,276818,290366,305067,314370,328520,337822,348423,358620,372449,383116,395169,405071
"중위 추계(기본 추계: 출산율-중위 / 기대수명-중위 / 국제이동-중위 / 국내이동-중위)","충청남도","계","80 - 84세",45567,49179,54064,57264,59468,62282,62895,62348,65422,67252,66186,65306,62881,62652,63901,67481,72841,76957,80655,82759,85777,93496,102566,108812,117515,126790,135269,146658,151884,157246,156133,157107,151957,153587,154101,162948,164727,171891,175722
"중위 추계(기본 추계: 출산율-중위 / 기대수명-중위 / 국제이동-중위 / 국내이동-중위)","충청남도","계","85 - 89세",20233,21373,22853,25522,28166,30767,34133,37811,39941,41535,43879,44703,44774,47812,49762,49346,48816,46954,47351,48837,51853,56089,58993,62100,63977,66710,73377,80691,85964,92968,100432,107753,117218,121344,125607,124585,125738,122199,123888
"중위 추계(기본 추계: 출산율-중위 / 기대수명-중위 / 국제이동-중위 / 국내이동-중위)","충청남도","계","90 - 94세",6825,6944,7490,8017,8559,9807,10837,11824,13272,14733,16344,18456,20566,22117,23364,24918,25518,25737,27874,29207,29064,28750,27536,28274,29634,31694,34374,35867,38010,39388,41388,46118,50812,54338,58810,63589,68723,75081,77524
"중위 추계(기본 추계: 출산율-중위 / 기대수명-중위 / 국제이동-중위 / 국내이동-중위)","충청남도","계","95 - 99세",1330,1443,1547,1813,2234,2212,2237,2452,2625,2851,3395,3835,4241,4970,5654,6308,7142,7950,8573,9072,9741,10013,10154,11188,11780,11729,11581,11006,11604,12398,13352,14512,14958,16002,16689,17679,20010,22050,23640
"중위 추계(기본 추계: 출산율-중위 / 기대수명-중위 / 국제이동-중위 / 국내이동-중위)","충청남도","계","100세 이상",155,172,198,220,246,279,336,376,418,486,469,476,520,590,688,817,915,1012,1192,1358,1525,1731,1926,2095,2232,2422,2522,2596,2904,3067,3065,3030,2877,3152,3413,3648,3918,3948,4297
"중위 추계(기본 추계: 출산율-중위 / 기대수명-중위 / 국제이동-중위 / 국내이동-중위)","충청남도","남자","계",1067014,1075649,1087515,1103324,1117512,1124672,1117283,1116221,1123401,1136294,1149058,1153235,1157090,1160924,1164698,1168334,1171764,1174982,1177950,1180645,1182990,1184962,1186558,1187746,1188448,1188613,1188201,1187232,1185746,1183722,1181180,1178105,1174412,1170083,1165124,1159538,1153302,1146478,1139074
"중위 추계(기본 추계: 출산율-중위 / 기대수명-중위 / 국제이동-중위 / 국내이동-중위)","충청남도","남자","0 - 4세",51047,50700,49542,47921,45946,43361,39765,36407,33280,30968,29373,27840,26694,26417,26486,26954,27669,28568,29366,30047,30601,31022,31324,31528,31571,31410,31081,30619,30050,29473,28965,28506,28066,27619,27133,26585,25965,25269,24503
"중위 추계(기본 추계: 출산율-중위 / 기대수명-중위 / 국제이동-중위 / 국내이동-중위)","충청남도","남자","5 - 9세",50190,50325,51803,52778,52440,52101,51552,50132,48046,45770,43232,39962,36642,33533,31150,29217,27672,26509,26187,26207,26657,27378,28291,29099,29788,30342,30769,31075,31285,31331,31170,30844,30388,29822,29250,28749,28298,27867,27431
"중위 추계(기본 추계: 출산율-중위 / 기대수명-중위 / 국제이동-중위 / 국내이동-중위)","충청남도","남자","10 - 14세",57217,53353,50336,49694,50491,50643,51145,52562,53206,52618,52527,52297,50893,48746,46258,43483,40214,36862,33750,31373,29421,27850,26658,26299,26279,26705,27425,28347,29159,29852,30411,30837,31145,31350,31396,31234,30905,30445,29873
"중위 추계(기본 추계: 출산율-중위 / 기대수명-중위 / 국제이동-중위 / 국내이동-중위)","충청남도","남자","15 - 19세",72067,71852,70852,68587,65822,62992,57214,53645,54434,54237,53040,52769,53671,54171,53527,53197,52941,51556,49435,46947,44165,40910,37537,34430,32078,30120,28527,27334,26947,26883,27294,28021,28956,29783,30486,31050,31480,31789,32000
"중위 추계(기본 추계: 출산율-중위 / 기대수명-중위 / 국제이동-중위 / 국내이동-중위)","충청남도","남자","20 - 24세",75034,76796,79328,79804,80511,79447,75452,72626,71138,70364,68916,64475,60507,58981,57892,56606,56513,57426,57897,57240,56908,56636,55312,53303,50867,48139,44965,41642,38646,36401,34480,32918,31760,31337,31232,31661,32425,33396,34232
"중위 추계(기본 추계: 출산율-중위 / 기대수명-중위 / 국제이동-중위 / 국내이동-중위)","충청남도","남자","25 - 29세",71624,71034,71283,73989,76187,77762,77501,76988,76542,78532,79835,79513,78483,75583,72685,69806,65473,61678,60183,59287,58241,58195,59088,59491,58812,58520,58322,57130,55246,52917,50380,47372,44101,41222,39082,37178,35630,34463,33968
"중위 추계(기본 추계: 출산율-중위 / 기대수명-중위 / 국제이동-중위 / 국내이동-중위)","충청남도","남자","30 - 34세",88122,85367,82184,79425,77647,76883,75241,73893,74900,78238,80835,82454,83878,83921,83661,82800,81986,80550,77418,74257,71116,66732,62896,61339,60547,59619,59554,60429,60817,60162,59863,59669,58518,56611,54216,51643,48546,45144,42222
"중위 추계(기본 추계: 출산율-중위 / 기대수명-중위 / 국제이동-중위 / 국내이동-중위)","충청남도","남자","35 - 39세",82422,83990,86503,90362,92808,91795,87364,83238,79407,77607,77674,77830,77826,79198,81229,83176,84907,86358,86299,85735,84548,83487,81843,78569,75209,71891,67439,63517,61890,61147,60274,60183,61062,61456,60812,60495,60297,59150,57196
"중위 추계(기본 추계: 출산율-중위 / 기대수명-중위 / 국제이동-중위 / 국내이동-중위)","충청남도","남자","40 - 44세",91453,91276,88656,87193,86343,85140,85610,87727,90768,92482,92735,89600,86271,82459,79392,78425,78689,78889,80544,82912,85082,86880,88342,88212,87449,86064,84854,83069,79682,76178,72736,68222,64211,62516,61811,60974,60853,61742,62148
"중위 추계(기본 추계: 출산율-중위 / 기대수명-중위 / 국제이동-중위 / 국내이동-중위)","충청남도","남자","45 - 49세",85997,85782,89958,92599,95086,94790,93373,90721,88472,87122,86542,88180,90761,93926,95382,94604,91403,87952,84031,80895,79913,80244,80589,82446,85057,87383,89221,90701,90519,89604,88083,86763,84873,81394,77770,74228,69656,65564,63811
"중위 추계(기본 추계: 출산율-중위 / 기대수명-중위 / 국제이동-중위 / 국내이동-중위)","충청남도","남자","50 - 54세",85823,87452,83710,84227,84082,89151,88329,92478,94863,97169,97179,96887,94344,92010,90285,89020,90487,93016,96124,97533,96753,93511,89961,85950,82753,81761,82150,82608,84630,87442,89903,91798,93313,93105,92076,90446,89044,87074,83521
"중위 추계(기본 추계: 출산율-중위 / 기대수명-중위 / 국제이동-중위 / 국내이동-중위)","충청남도","남자","55 - 59세",71865,75841,82019,85611,88981,88814,89900,85731,86116,86009,91645,91690,96151,98668,100882,100455,99969,97209,94664,92742,91277,92623,95154,98251,99665,98930,95681,92047,87960,84705,83696,84149,84722,86898,89911,92509,94470,96041,95832
"중위 추계(기본 추계: 출산율-중위 / 기대수명-중위 / 국제이동-중위 / 국내이동-중위)","충청남도","남자","60 - 64세",50928,54699,60219,63664,68855,73810,77743,84457,87938,91863,91663,92839,89189,89898,89752,94922,95210,99679,102176,104438,104007,103374,100446,97730,95651,94033,95320,97913,101073,102556,101888,98625,94893,90714,87381,86352,86869,87558,89903
"중위 추계(기본 추계: 출산율-중위 / 기대수명-중위 / 국제이동-중위 / 국내이동-중위)","충청남도","남자","65 - 69세",41604,44344,47051,48966,49854,50938,55000,60223,63762,68988,74609,79335,86242,89637,93347,93112,94162,90684,91464,91291,96314,96839,101284,103789,106076,105672,104950,101934,99130,96988,95317,96624,99316,102541,104073,103431,100138,96349,92144
"중위 추계(기본 추계: 출산율-중위 / 기대수명-중위 / 국제이동-중위 / 국내이동-중위)","충청남도","남자","70 - 74세",37024,36583,35722,36185,37019,39517,42716,45151,47116,47995,49299,53474,58864,62502,67781,73312,78035,84772,88088,91683,91512,92500,89294,90151,90031,94903,95643,100031,102544,104843,104518,103793,100834,98079,95992,94368,95708,98451,101689
"중위 추계(기본 추계: 출산율-중위 / 기대수명-중위 / 국제이동-중위 / 국내이동-중위)","충청남도","남자","75 - 79세",30498,30502,30142,31646,32693,32392,32443,31724,32321,33387,35783,38873,41048,42956,44020,45473,49584,54685,58246,63230,68432,73013,79405,82532,85932,85829,86855,84108,85080,85126,89787,90762,95010,97487,99743,99557,98891,96138,93587
"중위 추계(기본 추계: 출산율-중위 / 기대수명-중위 / 국제이동-중위 / 국내이동-중위)","충청남도","남자","80세이상",24099,25753,28207,30673,32747,35136,36935,38518,41092,42945,44171,45217,45626,48318,50969,53772,56850,58589,62078,64828,68043,73768,79134,84627,90683,97292,105445,114728,121088,128114,132415,139019,143244,148149,152760,159078,164127,170038,175014
"중위 추계(기본 추계: 출산율-중위 / 기대수명-중위 / 국제이동-중위 / 국내이동-중위)","충청남도","남자","80 - 84세",16172,17585,19543,20877,21815,22839,23190,23151,24495,25438,25396,25478,25060,25913,27124,29232,31821,33504,35247,36284,37691,41430,45808,48994,53294,57791,61970,67636,70345,73340,73272,74390,72367,73441,73752,77961,79118,82975,85275
"중위 추계(기본 추계: 출산율-중위 / 기대수명-중위 / 국제이동-중위 / 국내이동-중위)","충청남도","남자","85 - 89세",5992,6204,6573,7481,8428,9497,10657,12006,12804,13320,14055,14350,14500,15720,16621,16714,16819,16544,17396,18446,20008,21842,22890,24271,25128,26308,29272,32481,34936,38105,41411,44740,49106,51086,53343,53253,54327,53160,54188
"중위 추계(기본 추계: 출산율-중위 / 기대수명-중위 / 국제이동-중위 / 국내이동-중위)","충청남도","남자","90 - 94세",1634,1645,1771,1936,2055,2352,2605,2830,3209,3580,4042,4646,5270,5741,6128,6560,6748,6889,7611,8131,8204,8258,8110,8735,9428,10311,11290,11739,12591,13133,13881,15703,17491,18928,20696,22543,24580,27163,28201
"중위 추계(기본 추계: 출산율-중위 / 기대수명-중위 / 국제이동-중위 / 국내이동-중위)","충청남도","남자","95 - 99세",284,301,301,354,415,406,426,478,522,540,618,681,733,872,1016,1172,1359,1541,1688,1807,1954,2022,2082,2357,2542,2562,2578,2521,2811,3097,3410,3742,3846,4189,4404,4701,5426,6057,6587
"중위 추계(기본 추계: 출산율-중위 / 기대수명-중위 / 국제이동-중위 / 국내이동-중위)","충청남도","남자","100세 이상",17,18,19,25,34,42,57,53,62,67,60,62,63,72,80,94,103,111,136,160,186,216,244,270,291,320,335,351,405,439,441,444,434,505,565,620,676,683,763
"중위 추계(기본 추계: 출산율-중위 / 기대수명-중위 / 국제이동-중위 / 국내이동-중위)","충청남도","여자","계",1020586,1027162,1038659,1050056,1059593,1064460,1059358,1058793,1062595,1068012,1074743,1075816,1076757,1077896,1079170,1080525,1081891,1083188,1084374,1085414,1086279,1086925,1087383,1087646,1087661,1087367,1086755,1085821,1084572,1083020,1081099,1078736,1075810,1072313,1068209,1063460,1058041,1052015,1045352
"중위 추계(기본 추계: 출산율-중위 / 기대수명-중위 / 국제이동-중위 / 국내이동-중위)","충청남도","여자","0 - 4세",47838,47688,47129,46021,43976,41713,38195,34717,31806,29516,27879,26531,25719,25384,25438,25829,26519,27379,28145,28796,29324,29727,30015,30208,30249,30096,29782,29344,28797,28244,27758,27315,26893,26463,25999,25477,24882,24215,23484
"중위 추계(기본 추계: 출산율-중위 / 기대수명-중위 / 국제이동-중위 / 국내이동-중위)","충청남도","여자","5 - 9세",46732,47065,48215,49219,49377,49065,48718,47841,45920,43480,41462,38183,34696,31843,29509,27661,26309,25448,25065,25085,25460,26158,27025,27794,28446,28971,29371,29658,29853,29899,29749,29443,29005,28464,27916,27441,27009,26602,26185
"중위 추계(기본 추계: 출산율-중위 / 기대수명-중위 / 국제이동-중위 / 국내이동-중위)","충청남도","여자","10 - 14세",52653,49538,46840,46245,47068,47214,47795,48750,49448,49288,49118,48994,47997,46153,43657,41337,38080,34633,31826,29530,27688,26311,25422,25004,24992,25356,26055,26923,27692,28340,28862,29261,29546,29738,29784,29634,29322,28887,28348
"중위 추계(기본 추계: 출산율-중위 / 기대수명-중위 / 국제이동-중위 / 국내이동-중위)","충청남도","여자","15 - 19세",66883,65592,65445,63105,60438,58228,53018,50323,50756,49694,48423,48750,49571,50134,49840,49483,49348,48350,46492,44019,41705,38450,35048,32285,30029,28221,26856,25950,25501,25469,25822,26525,27402,28170,28818,29337,29737,30017,30206
"중위 추계(기본 추계: 출산율-중위 / 기대수명-중위 / 국제이동-중위 / 국내이동-중위)","충청남도","여자","20 - 24세",64174,65836,68133,67952,67262,66498,63684,62409,61082,61173,60739,56289,51987,49455,48488,47607,48039,48740,49222,48870,48540,48416,47457,45718,43446,41286,38235,35177,32735,30771,29191,27955,27080,26621,26586,26951,27662,28513,29235
"중위 추계(기본 추계: 출산율-중위 / 기대수명-중위 / 국제이동-중위 / 국내이동-중위)","충청남도","여자","25 - 29세",57287,56416,56355,57101,58179,58682,57873,57341,56728,56119,56484,57384,57759,56729,55424,53504,49726,46418,44661,44210,43484,43811,44418,44854,44447,44167,44143,43292,41751,39761,37872,35192,32537,30402,28673,27236,26061,25213,24763
"중위 추계(기본 추계: 출산율-중위 / 기대수명-중위 / 국제이동-중위 / 국내이동-중위)","충청남도","여자","30 - 34세",72118,69385,67076,64592,62611,61195,59845,58523,58401,59395,60619,60655,61115,60711,59838,59295,59747,59518,57961,56158,54012,50396,47226,45579,45243,44554,44826,45418,45869,45439,45203,45201,44354,42837,40850,38928,36227,33528,31316
"중위 추계(기본 추계: 출산율-중위 / 기대수명-중위 / 국제이동-중위 / 국내이동-중위)","충청남도","여자","35 - 39세",69970,71212,72453,75509,77799,77616,73722,70381,66770,64090,62879,62107,61386,61708,62455,63251,63595,64265,63912,63079,62476,62651,62110,60255,58120,55784,52164,48959,47318,47050,46381,46606,47208,47687,47241,47008,46996,46132,44578
"중위 추계(기본 추계: 출산율-중위 / 기대수명-중위 / 국제이동-중위 / 국내이동-중위)","충청남도","여자","40 - 44세",78654,78251,76879,75805,74502,73064,74049,75119,77625,79250,79300,75940,72818,69139,66013,64082,63453,62920,63482,64475,65456,65956,66733,66396,65579,64929,64943,64226,62184,59830,57374,53738,50494,48851,48627,47964,48153,48764,49263
"중위 추계(기본 추계: 출산율-중위 / 기대수명-중위 / 국제이동-중위 / 국내이동-중위)","충청남도","여자","45 - 49세",76127,76228,79277,81085,82720,81815,81228,79653,77974,76610,75383,76734,77923,80668,82094,81516,78077,74861,71074,67880,65971,65420,64992,65705,66875,67983,68590,69435,69106,68297,67605,67501,66659,64481,61963,59404,55734,52433,50767
"중위 추계(기본 추계: 출산율-중위 / 기대수명-중위 / 국제이동-중위 / 국내이동-중위)","충청남도","여자","50 - 54세",78044,78321,74775,75204,75308,80023,79419,82478,83859,85538,84995,84629,83156,81328,79478,77827,79068,80260,83009,84344,83675,80179,76885,72995,69732,67821,67328,66984,67830,69156,70384,71085,72001,71688,70887,70167,69969,69033,66743
"중위 추계(기본 추계: 출산율-중위 / 기대수명-중위 / 국제이동-중위 / 국내이동-중위)","충청남도","여자","55 - 59세",69275,73086,78587,81544,84062,82501,82037,77994,78371,78599,83704,83565,86916,88388,89879,88991,88453,86706,84610,82576,80770,81916,83141,85929,87227,86512,82953,79535,75504,72127,70192,69744,69485,70468,71960,73314,74126,75126,74837
"중위 추계(기본 추계: 출산율-중위 / 기대수명-중위 / 국제이동-중위 / 국내이동-중위)","충청남도","여자","60 - 64세",52619,56037,60904,63841,68351,73166,77037,82672,85425,88179,86851,86496,82556,82876,82793,87819,87861,91304,92820,94339,93376,92660,90645,88284,86064,84108,85186,86485,89346,90641,89880,86227,82655,78454,74949,72980,72570,72388,73508
"중위 추계(기본 추계: 출산율-중위 / 기대수명-중위 / 국제이동-중위 / 국내이동-중위)","충청남도","여자","65 - 69세",44129,46551,49429,51455,52550,53855,57640,62460,65519,70163,75140,79396,85438,88125,90703,89373,88974,85087,85455,85387,90411,90597,94069,95594,97102,96083,95216,92985,90436,88107,86076,87140,88511,91419,92684,91852,88110,84428,80136
"중위 추계(기본 추계: 출산율-중위 / 기대수명-중위 / 국제이동-중위 / 국내이동-중위)","충청남도","여자","70 - 74세",48456,47142,44599,42855,42329,43562,46521,49311,51400,52437,53888,57879,62873,65891,70572,75681,80031,86098,88797,91351,90073,89659,85868,86272,86235,91218,91527,95006,96545,98049,97022,96079,93745,91105,88736,86687,87740,89163,92093
"중위 추계(기본 추계: 출산율-중위 / 기대수명-중위 / 국제이동-중위 / 국내이동-중위)","충청남도","여자","75 - 79세",45616,45456,44618,46360,47135,46052,45074,42528,40925,40569,41777,44725,47491,49541,50589,52171,56229,61180,64276,68910,73941,78307,84288,86932,89420,88225,87902,84354,84827,84887,89773,90223,93657,95191,96676,95709,94754,92442,89833
"중위 추계(기본 추계: 출산율-중위 / 기대수명-중위 / 국제이동-중위 / 국내이동-중위)","충청남도","여자","80세이상",50011,53358,57945,62163,65926,70211,73503,76293,80586,83912,86102,87559,87356,89823,92400,95098,98382,100021,103567,106405,109917,116311,122041,127842,134455,142053,151678,162090,169278,176953,181955,189501,194578,200274,205860,213371,218989,225131,230057
"중위 추계(기본 추계: 출산율-중위 / 기대수명-중위 / 국제이동-중위 / 국내이동-중위)","충청남도","여자","80 - 84세",29395,31594,34521,36387,37653,39443,39705,39197,40927,41814,40790,39828,37821,36739,36777,38249,41020,43453,45408,46475,48086,52066,56758,59818,64221,68999,73299,79022,81539,83906,82861,82717,79590,80146,80349,84987,85609,88916,90447
"중위 추계(기본 추계: 출산율-중위 / 기대수명-중위 / 국제이동-중위 / 국내이동-중위)","충청남도","여자","85 - 89세",14241,15169,16280,18041,19738,21270,23476,25805,27137,28215,29824,30353,30274,32092,33141,32632,31997,30410,29955,30391,31845,34247,36103,37829,38849,40402,44105,48210,51028,54863,59021,63013,68112,70258,72264,71332,71411,69039,69700
"중위 추계(기본 추계: 출산율-중위 / 기대수명-중위 / 국제이동-중위 / 국내이동-중위)","충청남도","여자","90 - 94세",5191,5299,5719,6081,6504,7455,8232,8994,10063,11153,12302,13810,15296,16376,17236,18358,18770,18848,20263,21076,20860,20492,19426,19539,20206,21383,23084,24128,25419,26255,27507,30415,33321,35410,38114,41046,44143,47918,49323
"중위 추계(기본 추계: 출산율-중위 / 기대수명-중위 / 국제이동-중위 / 국내이동-중위)","충청남도","여자","95 - 99세",1046,1142,1246,1459,1819,1806,1811,1974,2103,2311,2777,3154,3508,4098,4638,5136,5783,6409,6885,7265,7787,7991,8072,8831,9238,9167,9003,8485,8793,9301,9942,10770,11112,11813,12285,12978,14584,15993,17053
"중위 추계(기본 추계: 출산율-중위 / 기대수명-중위 / 국제이동-중위 / 국내이동-중위)","충청남도","여자","100세 이상",138,154,179,195,212,237,279,323,356,419,409,414,457,518,608,723,812,901,1056,1198,1339,1515,1682,1825,1941,2102,2187,2245,2499,2628,2624,2586,2443,2647,2848,3028,3242,3265,3534
"고위 추계(최대인구 추계: 출산율-고위 / 기대수명-고위 / 국제이동-고위 / 국내이동-중위)","충청남도","계","계",-,-,-,-,-,-,-,-,2185996,2204596,2229353,2240140,2251032,2262220,2273568,2284968,2296359,2307661,2318704,2329446,2339814,2349774,2359305,2368363,2376655,2383927,2390183,2395553,2399983,2403435,2405895,2407312,2407622,2406763,2404654,2401180,2396276,2390008,2382307
"고위 추계(최대인구 추계: 출산율-고위 / 기대수명-고위 / 국제이동-고위 / 국내이동-중위)","충청남도","계","0 - 4세",-,-,-,-,-,-,-,-,65086,60539,57666,55756,55361,56456,58367,60971,63614,66104,68340,70276,71904,73230,74290,75127,75578,75503,74988,74101,72898,71626,70495,69459,68454,67415,66292,65047,63668,62165,60584
"고위 추계(최대인구 추계: 출산율-고위 / 기대수명-고위 / 국제이동-고위 / 국내이동-중위)","충청남도","계","5 - 9세",-,-,-,-,-,-,-,-,93966,89250,84782,78308,71580,65705,61141,57679,55734,55266,56268,58093,60675,63336,65854,68108,70056,71695,73032,74105,74953,75418,75355,74846,73965,72773,71514,70398,69380,68392,67370
"고위 추계(최대인구 추계: 출산율-고위 / 기대수명-고위 / 국제이동-고위 / 국내이동-중위)","충청남도","계","10 - 14세",-,-,-,-,-,-,-,-,102654,101907,101717,101430,99101,95174,90247,85213,78749,72011,66165,61630,58145,56140,55608,56536,58305,60862,63540,66079,68342,70298,71944,73285,74359,75207,75676,75614,75104,74222,73019
"고위 추계(최대인구 추계: 출산율-고위 / 기대수명-고위 / 국제이동-고위 / 국내이동-중위)","충청남도","계","15 - 19세",-,-,-,-,-,-,-,-,105190,103932,101640,101770,103552,104681,103804,103172,102842,100523,96600,91683,86638,80176,73451,67635,63151,59678,57657,57116,57994,59707,62252,64955,67532,69815,71788,73445,74794,75878,76732
"고위 추계(최대인구 추계: 출산율-고위 / 기대수명-고위 / 국제이동-고위 / 국내이동-중위)","충청남도","계","20 - 24세",-,-,-,-,-,-,-,-,132220,131538,130413,121977,114003,110123,108186,106090,106481,108155,109173,108218,107605,107265,105034,101313,96621,91752,85534,79149,73712,69585,66337,64443,63945,64760,66398,68920,71622,74187,76440
"고위 추계(최대인구 추계: 출산율-고위 / 기대수명-고위 / 국제이동-고위 / 국내이동-중위)","충청남도","계","25 - 29세",-,-,-,-,-,-,-,-,133270,134654,137102,138356,138352,135016,131298,126891,119062,112123,108981,107723,106013,106348,107899,108801,107762,107227,107049,105043,101612,97253,92788,87052,81055,75990,72163,69030,67147,66561,67196
"고위 추계(최대인구 추계: 출산율-고위 / 기대수명-고위 / 국제이동-고위 / 국내이동-중위)","충청남도","계","30 - 34세",-,-,-,-,-,-,-,-,133301,137636,142030,144165,146542,146684,146074,145202,145389,144285,140103,135568,130634,122880,116011,112905,111863,110302,110557,112081,112997,111959,111458,111300,109329,105884,101450,96892,91022,84832,79642
"고위 추계(최대인구 추계: 출산율-고위 / 기대수명-고위 / 국제이동-고위 / 국내이동-중위)","충청남도","계","35 - 39세",-,-,-,-,-,-,-,-,146177,141698,140978,140734,140382,142467,145655,148830,151342,153910,153961,153051,151762,151409,149764,145118,140034,134721,126883,119878,116704,115772,114283,114468,116011,116966,115921,115399,115232,113250,109703
"고위 추계(최대인구 추계: 출산율-고위 / 기대수명-고위 / 국제이동-고위 / 국내이동-중위)","충청남도","계","40 - 44세",-,-,-,-,-,-,-,-,168393,171735,172395,166229,160093,152913,147030,144453,144424,144435,147033,150796,154367,157098,159783,159773,158662,157113,156426,154449,149490,144040,138477,130548,123411,120155,119300,117848,117967,119536,120522
"고위 추계(최대인구 추계: 출산율-고위 / 기대수명-고위 / 국제이동-고위 / 국내이동-중위)","충청남도","계","45 - 49세",-,-,-,-,-,-,-,-,166446,163736,162244,165545,169625,175855,179041,177986,171638,165258,157826,151773,149179,149282,149543,152499,156687,160551,163432,166195,166126,164859,163108,162183,159975,154784,149043,143266,135233,127942,124601
"고위 추계(최대인구 추계: 출산율-고위 / 기대수명-고위 / 국제이동-고위 / 국내이동-중위)","충청남도","계","50 - 54세",-,-,-,-,-,-,-,-,178722,182710,182444,182057,178319,174436,171143,168503,171509,175548,181715,184773,183624,177164,170573,162925,156715,154092,154297,154753,158008,162557,166673,169700,172575,172498,171117,169234,168131,165750,160363
"고위 추계(최대인구 추계: 출산율-고위 / 기대수명-고위 / 국제이동-고위 / 국내이동-중위)","충청남도","계","55 - 59세",-,-,-,-,-,-,-,-,164487,164612,175573,175713,183776,188026,192006,190962,190207,185964,181592,177905,174900,177692,181776,187995,191033,189872,183314,176488,168586,162174,159497,159803,160446,163992,168920,173324,176555,179583,179535
"고위 추계(최대인구 추계: 출산율-고위 / 기대수명-고위 / 국제이동-고위 / 국내이동-중위)","충청남도","계","60 - 64세",-,-,-,-,-,-,-,-,173363,180050,178709,179757,172396,173663,173668,184133,184723,192932,197244,201330,200228,199163,194477,189660,185618,182292,184943,189168,195532,198635,197486,190791,183687,175488,168843,166103,166514,167364,171229
"고위 추계(최대인구 추계: 출산율-고위 / 기대수명-고위 / 국제이동-고위 / 국내이동-중위)","충청남도","계","65 - 69세",-,-,-,-,-,-,-,-,129281,139166,149902,159078,172266,178602,185165,183864,184783,177647,179058,179078,189463,190461,198745,203121,207258,206118,204794,199753,194612,190348,186850,189500,193902,200405,203548,202361,195539,188233,179865
"고위 추계(최대인구 추계: 출산율-고위 / 기대수명-고위 / 국제이동-고위 / 국내이동-중위)","충청남도","계","70 - 74세",-,-,-,-,-,-,-,-,98516,100456,103315,111648,122228,129092,139282,150186,159537,172696,179053,185554,184416,185298,178504,180064,180184,190445,191775,200039,204435,208575,207464,206031,200892,195677,191394,187903,190600,195139,201714
"고위 추계(최대인구 추계: 출산율-고위 / 기대수명-고위 / 국제이동-고위 / 국내이동-중위)","충청남도","계","75 - 79세",-,-,-,-,-,-,-,-,73246,73987,77706,83906,89039,93185,95495,98727,107148,117525,124481,134469,145115,154471,167366,173601,179953,178968,179949,173756,175474,175800,185811,187487,195634,200041,204203,203314,201952,197006,191955
"고위 추계(최대인구 추계: 출산율-고위 / 기대수명-고위 / 국제이동-고위 / 국내이동-중위)","충청남도","계","80세이상",-,-,-,-,-,-,-,-,121678,126990,130737,133711,134417,140142,145966,152106,159177,163279,171111,177526,185146,198361,210627,223182,237175,252736,272013,293400,308508,324829,335617,351461,362450,374913,387084,403082,415816,429968,441837
"고위 추계(최대인구 추계: 출산율-고위 / 기대수명-고위 / 국제이동-고위 / 국내이동-중위)","충청남도","계","80 - 84세",-,-,-,-,-,-,-,-,65422,67302,66375,65684,63445,63393,64811,68605,74231,78652,82622,84991,88298,96426,106028,112739,122013,131872,140859,152923,158664,164524,163669,164891,159745,161701,162486,172013,174145,181947,186258
"고위 추계(최대인구 추계: 출산율-고위 / 기대수명-고위 / 국제이동-고위 / 국내이동-중위)","충청남도","계","85 - 89세",-,-,-,-,-,-,-,-,39941,41583,44050,45036,45273,48529,50707,50486,50153,48459,49036,50746,54057,58678,61978,65459,67664,70735,77928,85893,91687,99339,107494,115440,125758,130531,135475,134800,136315,132752,134811
"고위 추계(최대인구 추계: 출산율-고위 / 기대수명-고위 / 국제이동-고위 / 국내이동-중위)","충청남도","계","90 - 94세",-,-,-,-,-,-,-,-,13272,14759,16424,18627,20856,22533,23923,25639,26397,26766,29139,30694,30722,30575,29470,30409,32009,34369,37411,39218,41681,43320,45636,50935,56286,60380,65577,71148,77063,84395,87442
"고위 추계(최대인구 추계: 출산율-고위 / 기대수명-고위 / 국제이동-고위 / 국내이동-중위)","충청남도","계","95 - 99세",-,-,-,-,-,-,-,-,2625,2859,3415,3882,4313,5083,5814,6527,7437,8334,9047,9640,10420,10793,11028,12244,12983,13017,12935,12377,13108,14060,15204,16595,17211,18498,19396,20651,23457,25963,27951
"고위 추계(최대인구 추계: 출산율-고위 / 기대수명-고위 / 국제이동-고위 / 국내이동-중위)","충청남도","계","100세 이상",-,-,-,-,-,-,-,-,418,487,473,482,530,604,711,849,959,1068,1267,1455,1649,1889,2123,2331,2506,2743,2880,2989,3368,3586,3614,3600,3450,3803,4150,4470,4836,4911,5375
"고위 추계(최대인구 추계: 출산율-고위 / 기대수명-고위 / 국제이동-고위 / 국내이동-중위)","충청남도","남자","계",-,-,-,-,-,-,-,-,1123401,1136445,1152064,1159093,1166092,1173148,1180191,1187170,1194030,1200800,1207384,1213734,1219821,1225626,1231110,1236273,1240953,1244987,1248378,1251188,1253416,1255017,1255971,1256314,1256070,1255180,1253639,1251426,1248588,1245112,1240920
"고위 추계(최대인구 추계: 출산율-고위 / 기대수명-고위 / 국제이동-고위 / 국내이동-중위)","충청남도","남자","0 - 4세",-,-,-,-,-,-,-,-,33280,30996,29581,28541,28193,28785,29766,31127,32474,33748,34890,35881,36713,37391,37932,38358,38591,38555,38291,37839,37222,36571,35993,35464,34951,34421,33847,33209,32504,31736,30930
"고위 추계(최대인구 추계: 출산율-고위 / 기대수명-고위 / 국제이동-고위 / 국내이동-중위)","충청남도","남자","5 - 9세",-,-,-,-,-,-,-,-,48046,45770,43276,40042,36760,33692,31381,29610,28550,28179,28733,29668,31018,32380,33673,34828,35828,36669,37355,37908,38344,38582,38551,38291,37840,37229,36586,36013,35492,34985,34460
"고위 추계(최대인구 추계: 출산율-고위 / 기대수명-고위 / 국제이동-고위 / 국내이동-중위)","충청남도","남자","10 - 14세",-,-,-,-,-,-,-,-,53206,52618,52564,52369,51001,48885,46425,43682,40443,37119,34043,31735,29936,28841,28446,28964,29868,31206,32578,33884,35051,36061,36908,37600,38154,38591,38833,38802,38541,38089,37470
"고위 추계(최대인구 추계: 출산율-고위 / 기대수명-고위 / 국제이동-고위 / 국내이동-중위)","충청남도","남자","15 - 19세",-,-,-,-,-,-,-,-,54434,54238,53129,52896,53828,54363,53751,53446,53221,51869,49775,47308,44552,41319,37969,34892,32601,30787,29671,29278,29774,30645,31979,33366,34702,35886,36910,37769,38470,39034,39475
"고위 추계(최대인구 추계: 출산율-고위 / 기대수명-고위 / 국제이동-고위 / 국내이동-중위)","충청남도","남자","20 - 24세",-,-,-,-,-,-,-,-,71138,70364,69265,65016,61168,59723,58695,57453,57389,58334,58841,58215,57907,57664,56364,54368,51941,49227,46058,42736,39740,37533,35740,34649,34295,34774,35615,36972,38398,39774,40982
"고위 추계(최대인구 추계: 출산율-고위 / 기대수명-고위 / 국제이동-고위 / 국내이동-중위)","충청남도","남자","25 - 29세",-,-,-,-,-,-,-,-,76542,78534,80315,80373,79694,77095,74426,71711,67490,63755,62310,61460,60452,60437,61358,61792,61139,60862,60684,59511,57622,55276,52722,49688,46380,43470,41346,39547,38444,38050,38423
"고위 추계(최대인구 추계: 출산율-고위 / 기대수명-고위 / 국제이동-고위 / 국내이동-중위)","충청남도","남자","30 - 34세",-,-,-,-,-,-,-,-,74900,78241,81190,83075,84777,85097,85130,84572,84065,82932,80052,77088,74094,69805,66010,64494,63748,62853,62812,63719,64148,63516,63227,63052,61915,59999,57581,54976,51839,48388,45432
"고위 추계(최대인구 추계: 출산율-고위 / 기대수명-고위 / 국제이동-고위 / 국내이동-중위)","충청남도","남자","35 - 39세",-,-,-,-,-,-,-,-,79407,77608,77932,78297,78505,80103,82369,84563,86542,88243,88440,88147,87242,86472,85115,82083,78911,75728,71361,67468,65879,65177,64333,64266,65179,65616,64991,64684,64510,63377,61404
"고위 추계(최대인구 추계: 출산율-고위 / 기대수명-고위 / 국제이동-고위 / 국내이동-중위)","충청남도","남자","40 - 44세",-,-,-,-,-,-,-,-,90768,92485,92952,90002,86854,83218,80324,79538,79993,80393,82271,84871,87282,89325,91041,91162,90658,89544,88613,87103,83947,80622,77312,72872,68887,67219,66550,65740,65647,66572,67024
"고위 추계(최대인구 추계: 출산율-고위 / 기대수명-고위 / 국제이동-고위 / 국내이동-중위)","충청남도","남자","45 - 49세",-,-,-,-,-,-,-,-,88472,87126,86731,88550,91310,94659,96296,95694,92660,89367,85600,82618,81807,82325,82864,84945,87796,90370,92458,94185,94242,93577,92304,91257,89644,86391,82938,79517,75013,70933,69198
"고위 추계(최대인구 추계: 출산율-고위 / 기대수명-고위 / 국제이동-고위 / 국내이동-중위)","충청남도","남자","50 - 54세",-,-,-,-,-,-,-,-,94863,97172,97329,97182,94789,92612,91046,89939,91581,94299,97589,99181,98574,95490,92081,88210,85151,84317,84885,85538,87788,90847,93557,95692,97454,97483,96699,95321,94188,92493,89159
"고위 추계(최대인구 추계: 출산율-고위 / 기대수명-고위 / 국제이동-고위 / 국내이동-중위)","충청남도","남자","55 - 59세",-,-,-,-,-,-,-,-,86116,86013,91762,91928,96516,99171,101532,101250,100911,98296,95903,94136,92821,94346,97072,100367,101970,101404,98295,94785,90814,87674,86814,87438,88197,90605,93871,96730,98948,100774,100803
"고위 추계(최대인구 추계: 출산율-고위 / 기대수명-고위 / 국제이동-고위 / 국내이동-중위)","충청남도","남자","60 - 64세",-,-,-,-,-,-,-,-,87938,91868,91770,93075,89555,90393,90378,95696,96119,100751,103416,105845,105574,105096,102307,99732,97801,96323,97779,100571,103933,105604,105096,101949,98323,94231,90994,90110,90804,91690,94275
"고위 추계(최대인구 추계: 출산율-고위 / 기대수명-고위 / 국제이동-고위 / 국내이동-중위)","충청남도","남자","65 - 69세",-,-,-,-,-,-,-,-,63762,68998,74694,79533,86579,90127,93999,93923,95131,91790,92723,92692,97908,98588,103242,105944,108427,108179,107598,104687,101995,99967,98403,99871,102761,106202,107930,107451,104277,100579,96431
"고위 추계(최대인구 추계: 출산율-고위 / 기대수명-고위 / 국제이동-고위 / 국내이동-중위)","충청남도","남자","70 - 74세",-,-,-,-,-,-,-,-,47116,48010,49367,53632,59130,62884,68294,73982,78876,85829,89350,93156,93173,94351,91263,92297,92328,97436,98334,102955,105661,108149,107949,107336,104440,101767,99767,98242,99761,102733,106216
"고위 추계(최대인구 추계: 출산율-고위 / 기대수명-고위 / 국제이동-고위 / 국내이동-중위)","충청남도","남자","75 - 79세",-,-,-,-,-,-,-,-,32321,33404,35859,39030,41301,43305,44470,46025,50276,55558,59289,64486,69927,74749,81447,84847,88528,88618,89824,87141,88274,88439,93352,94452,98956,101643,104124,104075,103543,100848,98347
"고위 추계(최대인구 추계: 출산율-고위 / 기대수명-고위 / 국제이동-고위 / 국내이동-중위)","충청남도","남자","80세이상",-,-,-,-,-,-,-,-,41092,43000,44348,45552,46132,49036,51909,54959,58309,60338,64159,67247,70841,77047,82926,88990,95667,102909,111782,121880,128982,136777,141731,149071,153992,159653,165057,172268,178209,185057,190891
"고위 추계(최대인구 추계: 출산율-고위 / 기대수명-고위 / 국제이동-고위 / 국내이동-중위)","충청남도","남자","80 - 84세",-,-,-,-,-,-,-,-,24495,25462,25480,25642,25305,26249,27546,29767,32488,34318,36196,37367,38921,42878,47534,50976,55593,60407,64879,70925,73922,77203,77284,78551,76528,77769,78205,82759,84111,88327,90896
"고위 추계(최대인구 추계: 출산율-고위 / 기대수명-고위 / 국제이동-고위 / 국내이동-중위)","충청남도","남자","85 - 89세",-,-,-,-,-,-,-,-,12804,13340,14119,14464,14671,15969,16958,17127,17314,17116,18066,19229,20936,22943,24156,25706,26720,28060,31286,34806,37524,41010,44639,48265,53041,55312,57891,57968,59263,58127,59354
"고위 추계(최대인구 추계: 출산율-고위 / 기대수명-고위 / 국제이동-고위 / 국내이동-중위)","충청남도","남자","90 - 94세",-,-,-,-,-,-,-,-,3209,3589,4066,4693,5345,5853,6276,6753,6984,7170,7970,8562,8693,8809,8703,9426,10224,11231,12350,12907,13885,14534,15401,17446,19478,21129,23170,25310,27663,30649,31932
"고위 추계(최대인구 추계: 출산율-고위 / 기대수명-고위 / 국제이동-고위 / 국내이동-중위)","충청남도","남자","95 - 99세",-,-,-,-,-,-,-,-,522,542,623,691,747,892,1046,1215,1414,1616,1782,1918,2089,2181,2263,2581,2803,2849,2884,2839,3182,3517,3888,4285,4429,4841,5113,5483,6350,7116,7769
"고위 추계(최대인구 추계: 출산율-고위 / 기대수명-고위 / 국제이동-고위 / 국내이동-중위)","충청남도","남자","100세 이상",-,-,-,-,-,-,-,-,62,67,60,62,64,73,83,97,109,118,145,171,202,236,270,301,327,362,383,403,469,513,519,524,516,602,678,748,822,838,940
"고위 추계(최대인구 추계: 출산율-고위 / 기대수명-고위 / 국제이동-고위 / 국내이동-중위)","충청남도","여자","계",-,-,-,-,-,-,-,-,1062595,1068151,1077289,1081047,1084940,1089072,1093377,1097798,1102329,1106861,1111320,1115712,1119993,1124148,1128195,1132090,1135702,1138940,1141805,1144365,1146567,1148418,1149924,1150998,1151552,1151583,1151015,1149754,1147688,1144896,1141387
"고위 추계(최대인구 추계: 출산율-고위 / 기대수명-고위 / 국제이동-고위 / 국내이동-중위)","충청남도","여자","0 - 4세",-,-,-,-,-,-,-,-,31806,29543,28085,27215,27168,27671,28601,29844,31140,32356,33450,34395,35191,35839,36358,36769,36987,36948,36697,36262,35676,35055,34502,33995,33503,32994,32445,31838,31164,30429,29654
"고위 추계(최대인구 추계: 출산율-고위 / 기대수명-고위 / 국제이동-고위 / 국내이동-중위)","충청남도","여자","5 - 9세",-,-,-,-,-,-,-,-,45920,43480,41506,38266,34820,32013,29760,28069,27184,27087,27535,28425,29657,30956,32181,33280,34228,35026,35677,36197,36609,36836,36804,36555,36125,35544,34928,34385,33888,33407,32910
"고위 추계(최대인구 추계: 출산율-고위 / 기대수명-고위 / 국제이동-고위 / 국내이동-중위)","충청남도","여자","10 - 14세",-,-,-,-,-,-,-,-,49448,49289,49153,49061,48100,46289,43822,41531,38306,34892,32122,29895,28209,27299,27162,27572,28437,29656,30962,32195,33291,34237,35036,35685,36205,36616,36843,36812,36563,36133,35549
"고위 추계(최대인구 추계: 출산율-고위 / 기대수명-고위 / 국제이동-고위 / 국내이동-중위)","충청남도","여자","15 - 19세",-,-,-,-,-,-,-,-,50756,49694,48511,48874,49724,50318,50053,49726,49621,48654,46825,44375,42086,38857,35482,32743,30550,28891,27986,27838,28220,29062,30273,31589,32830,33929,34878,35676,36324,36844,37257
"고위 추계(최대인구 추계: 출산율-고위 / 기대수명-고위 / 국제이동-고위 / 국내이동-중위)","충청남도","여자","20 - 24세",-,-,-,-,-,-,-,-,61082,61174,61148,56961,52835,50400,49491,48637,49092,49821,50332,50003,49698,49601,48670,46945,44680,42525,39476,36413,33972,32052,30597,29794,29650,29986,30783,31948,33224,34413,35458
"고위 추계(최대인구 추계: 출산율-고위 / 기대수명-고위 / 국제이동-고위 / 국내이동-중위)","충청남도","여자","25 - 29세",-,-,-,-,-,-,-,-,56728,56120,56787,57983,58658,57921,56872,55180,51572,48368,46671,46263,45561,45911,46541,47009,46623,46365,46365,45532,43990,41977,40066,37364,34675,32520,30817,29483,28703,28511,28773
"고위 추계(최대인구 추계: 출산율-고위 / 기대수명-고위 / 국제이동-고위 / 국내이동-중위)","충청남도","여자","30 - 34세",-,-,-,-,-,-,-,-,58401,59395,60840,61090,61765,61587,60944,60630,61324,61353,60051,58480,56540,53075,50001,48411,48115,47449,47745,48362,48849,48443,48231,48248,47414,45885,43869,41916,39183,36444,34210
"고위 추계(최대인구 추계: 출산율-고위 / 기대수명-고위 / 국제이동-고위 / 국내이동-중위)","충청남도","여자","35 - 39세",-,-,-,-,-,-,-,-,66770,64090,63046,62437,61877,62364,63286,64267,64800,65667,65521,64904,64520,64937,64649,63035,61123,58993,55522,52410,50825,50595,49950,50202,50832,51350,50930,50715,50722,49873,48299
"고위 추계(최대인구 추계: 출산율-고위 / 기대수명-고위 / 국제이동-고위 / 국내이동-중위)","충청남도","여자","40 - 44세",-,-,-,-,-,-,-,-,77625,79250,79443,76227,73239,69695,66706,64915,64431,64042,64762,65925,67085,67773,68742,68611,68004,67569,67813,67346,65543,63418,61165,57676,54524,52936,52750,52108,52320,52964,53498
"고위 추계(최대인구 추계: 출산율-고위 / 기대수명-고위 / 국제이동-고위 / 국내이동-중위)","충청남도","여자","45 - 49세",-,-,-,-,-,-,-,-,77974,76610,75513,76995,78315,81196,82745,82292,78978,75891,72226,69155,67372,66957,66679,67554,68891,70181,70974,72010,71884,71282,70804,70926,70331,68393,66105,63749,60220,57009,55403
"고위 추계(최대인구 추계: 출산율-고위 / 기대수명-고위 / 국제이동-고위 / 국내이동-중위)","충청남도","여자","50 - 54세",-,-,-,-,-,-,-,-,83859,85538,85115,84875,83530,81824,80097,78564,79928,81249,84126,85592,85050,81674,78492,74715,71564,69775,69412,69215,70220,71710,73116,74008,75121,75015,74418,73913,73943,73257,71204
"고위 추계(최대인구 추계: 출산율-고위 / 기대수명-고위 / 국제이동-고위 / 국내이동-중위)","충청남도","여자","55 - 59세",-,-,-,-,-,-,-,-,78371,78599,83811,83785,87260,88855,90474,89712,89296,87668,85689,83769,82079,83346,84704,87628,89063,88468,85019,81703,77772,74500,72683,72365,72249,73387,75049,76594,77607,78809,78732
"고위 추계(최대인구 추계: 출산율-고위 / 기대수명-고위 / 국제이동-고위 / 국내이동-중위)","충청남도","여자","60 - 64세",-,-,-,-,-,-,-,-,85425,88182,86939,86682,82841,83270,83290,88437,88604,92181,93828,95485,94654,94067,92170,89928,87817,85969,87164,88597,91599,93031,92390,88842,85364,81257,77849,75993,75710,75674,76954
"고위 추계(최대인구 추계: 출산율-고위 / 기대수명-고위 / 국제이동-고위 / 국내이동-중위)","충청남도","여자","65 - 69세",-,-,-,-,-,-,-,-,65519,70168,75208,79545,85687,88475,91166,89941,89652,85857,86335,86386,91555,91873,95503,97177,98831,97939,97196,95066,92617,90381,88447,89629,91141,94203,95618,94910,91262,87654,83434
"고위 추계(최대인구 추계: 출산율-고위 / 기대수명-고위 / 국제이동-고위 / 국내이동-중위)","충청남도","여자","70 - 74세",-,-,-,-,-,-,-,-,51400,52446,53948,58016,63098,66208,70988,76204,80661,86867,89703,92398,91243,90947,87241,87767,87856,93009,93441,97084,98774,100426,99515,98695,96452,93910,91627,89661,90839,92406,95498
"고위 추계(최대인구 추계: 출산율-고위 / 기대수명-고위 / 국제이동-고위 / 국내이동-중위)","충청남도","여자","75 - 79세",-,-,-,-,-,-,-,-,40925,40583,41847,44876,47738,49880,51025,52702,56872,61967,65192,69983,75188,79722,85919,88754,91425,90350,90125,86615,87200,87361,92459,93035,96678,98398,100079,99239,98409,96158,93608
"고위 추계(최대인구 추계: 출산율-고위 / 기대수명-고위 / 국제이동-고위 / 국내이동-중위)","충청남도","여자","80세이상",-,-,-,-,-,-,-,-,80586,83990,86389,88159,88285,91106,94057,97147,100868,102941,106952,110279,114305,121314,127701,134192,141508,149827,160231,171520,179526,188052,193886,202390,208458,215260,222027,230814,237607,244911,250946
"고위 추계(최대인구 추계: 출산율-고위 / 기대수명-고위 / 국제이동-고위 / 국내이동-중위)","충청남도","여자","80 - 84세",-,-,-,-,-,-,-,-,40927,41840,40895,40042,38140,37144,37265,38838,41743,44334,46426,47624,49377,53548,58494,61763,66420,71465,75980,81998,84742,87321,86385,86340,83217,83932,84281,89254,90034,93620,95362
"고위 추계(최대인구 추계: 출산율-고위 / 기대수명-고위 / 국제이동-고위 / 국내이동-중위)","충청남도","여자","85 - 89세",-,-,-,-,-,-,-,-,27137,28243,29931,30572,30602,32560,33749,33359,32839,31343,30970,31517,33121,35735,37822,39753,40944,42675,46642,51087,54163,58329,62855,67175,72717,75219,77584,76832,77052,74625,75457
"고위 추계(최대인구 추계: 출산율-고위 / 기대수명-고위 / 국제이동-고위 / 국내이동-중위)","충청남도","여자","90 - 94세",-,-,-,-,-,-,-,-,10063,11170,12358,13934,15511,16680,17647,18886,19413,19596,21169,22132,22029,21766,20767,20983,21785,23138,25061,26311,27796,28786,30235,33489,36808,39251,42407,45838,49400,53746,55510
"고위 추계(최대인구 추계: 출산율-고위 / 기대수명-고위 / 국제이동-고위 / 국내이동-중위)","충청남도","여자","95 - 99세",-,-,-,-,-,-,-,-,2103,2317,2792,3191,3566,4191,4768,5312,6023,6718,7265,7722,8331,8612,8765,9663,10180,10168,10051,9538,9926,10543,11316,12310,12782,13657,14283,15168,17107,18847,20182
"고위 추계(최대인구 추계: 출산율-고위 / 기대수명-고위 / 국제이동-고위 / 국내이동-중위)","충청남도","여자","100세 이상",-,-,-,-,-,-,-,-,356,420,413,420,466,531,628,752,850,950,1122,1284,1447,1653,1853,2030,2179,2381,2497,2586,2899,3073,3095,3076,2934,3201,3472,3722,4014,4073,4435
"저위 추계(최소인구 추계: 출산율-저위 / 기대수명-저위 / 국제이동-저위 / 국내이동-중위)","충청남도","계","계",-,-,-,-,-,-,-,-,2185996,2203998,2218172,2218408,2217684,2216610,2215335,2213745,2211872,2209645,2206857,2203465,2199486,2194866,2189579,2183590,2176845,2169195,2160615,2151289,2141164,2130139,2118183,2105344,2091480,2076609,2060790,2043982,2026203,2007387,1987417
"저위 추계(최소인구 추계: 출산율-저위 / 기대수명-저위 / 국제이동-저위 / 국내이동-중위)","충청남도","계","0 - 4세",-,-,-,-,-,-,-,-,65086,60430,56891,53651,50856,48874,47517,46834,46607,47057,47718,48207,48505,48606,48521,48282,47835,47145,46287,45318,44290,43317,42499,41791,41151,40522,39842,39068,38170,37124,35936
"저위 추계(최소인구 추계: 출산율-저위 / 기대수명-저위 / 국제이동-저위 / 국내이동-중위)","충청남도","계","5 - 9세",-,-,-,-,-,-,-,-,93966,89250,84614,77979,71093,65053,60186,56135,52894,50055,47996,46570,45865,45656,46132,46803,47297,47597,47699,47620,47383,46937,46256,45410,44455,43443,42495,41693,41003,40388,39775
"저위 추계(최소인구 추계: 출산율-저위 / 기대수명-저위 / 국제이동-저위 / 국내이동-중위)","충청남도","계","10 - 14세",-,-,-,-,-,-,-,-,102654,101905,101570,101150,98685,94623,89578,84424,77836,70979,64996,60187,56137,52860,49974,47856,46368,45628,45412,45893,46566,47061,47357,47452,47361,47121,46680,45998,45151,44196,43187
"저위 추계(최소인구 추계: 출산율-저위 / 기대수명-저위 / 국제이동-저위 / 국내이동-중위)","충청남도","계","15 - 19세",-,-,-,-,-,-,-,-,105190,103929,101288,101269,102927,103934,102933,102188,101728,99284,95254,90244,85104,78546,71731,65810,61080,57072,53800,50905,48732,47178,46405,46204,46708,47386,47881,48176,48268,48180,47931
"저위 추계(최소인구 추계: 출산율-저위 / 기대수명-저위 / 국제이동-저위 / 국내이동-중위)","충청남도","계","20 - 24세",-,-,-,-,-,-,-,-,132220,131536,128898,119556,111002,106762,104590,102344,102634,104187,105078,104021,103317,102863,100538,96766,92044,87149,80917,74546,69107,64815,61111,58035,55240,53064,51507,50809,50713,51285,51959
"저위 추계(최소인구 추계: 출산율-저위 / 기대수명-저위 / 국제이동-저위 / 국내이동-중위)","충청남도","계","25 - 29세",-,-,-,-,-,-,-,-,133270,134649,135531,135448,134149,129640,124948,119764,111379,104116,100761,99317,97495,97748,99182,99956,98837,98239,97979,95922,92502,88208,83813,78170,72314,67353,63454,59972,57035,54336,52200
"저위 추계(최소인구 추계: 출산율-저위 / 기대수명-저위 / 국제이동-저위 / 국내이동-중위)","충청남도","계","30 - 34세",-,-,-,-,-,-,-,-,133301,137632,140878,142042,143436,142571,140924,138987,138078,135877,130697,125318,119690,111450,104305,101012,99786,98117,98295,99699,100473,99362,98805,98573,96563,93155,88807,84351,78620,72611,67561
"저위 추계(최소인구 추계: 출산율-저위 / 기대수명-저위 / 국제이동-저위 / 국내이동-중위)","충청남도","계","35 - 39세",-,-,-,-,-,-,-,-,146177,141694,140119,139137,138030,139324,141686,143996,145634,147304,146430,144565,142289,140894,138198,132586,126694,120719,112418,105168,101823,100708,99105,99212,100623,101430,100318,99749,99506,97482,93992
"저위 추계(최소인구 추계: 출산율-저위 / 기대수명-저위 / 국제이동-저위 / 국내이동-중위)","충청남도","계","40 - 44세",-,-,-,-,-,-,-,-,168393,171730,171666,164836,158060,150253,143749,140530,139830,139142,140989,143943,146666,148533,150330,149423,147386,144883,143184,140183,134286,128057,121842,113477,106118,102708,101674,100114,100161,101591,102426
"저위 추계(최소인구 추계: 출산율-저위 / 기대수명-저위 / 국제이동-저위 / 국내이동-중위)","충청남도","계","45 - 49세",-,-,-,-,-,-,-,-,166446,163732,161607,164287,167741,173329,175882,174203,167261,160315,152324,145718,142536,142001,141574,143779,147148,150153,152165,154044,153099,150927,148247,146327,143105,136997,130495,124089,115655,108178,104697
"저위 추계(최소인구 추계: 출산율-저위 / 기대수명-저위 / 국제이동-저위 / 국내이동-중위)","충청남도","계","50 - 54세",-,-,-,-,-,-,-,-,178722,182703,181900,180961,176665,172220,168356,165145,167551,170962,176485,178894,177143,170135,163038,154890,148185,145011,144593,144366,146863,150584,153824,155984,157957,157001,154737,151937,149851,146462,140179
"저위 추계(최소인구 추계: 출산율-저위 / 기대수명-저위 / 국제이동-저위 / 국내이동-중위)","충청남도","계","55 - 59세",-,-,-,-,-,-,-,-,164487,164602,175117,174784,182327,186040,189456,187852,186540,181762,176854,172632,169082,171270,174708,180249,182624,180868,173808,166541,158207,151354,148153,147839,147806,150580,154647,158148,160487,162599,161662
"저위 추계(최소인구 추계: 출산율-저위 / 기대수명-저위 / 국제이동-저위 / 국내이동-중위)","충청남도","계","60 - 64세",-,-,-,-,-,-,-,-,173363,180034,178312,178888,171055,171834,171346,181238,181285,188876,192568,196027,194349,192716,187517,182201,177657,173818,175870,179424,185076,187501,185769,178629,171132,162576,155552,152311,152101,152269,155337
"저위 추계(최소인구 추계: 출산율-저위 / 기대수명-저위 / 국제이동-저위 / 국내이동-중위)","충청남도","계","65 - 69세",-,-,-,-,-,-,-,-,129281,139135,149583,158347,171032,176827,182800,180929,181284,173683,174548,174035,183712,184124,191674,195357,198808,197103,195227,189756,184190,179487,175544,177586,181279,187000,189437,187683,180492,172891,164283
"저위 추계(최소인구 추계: 출산율-저위 / 기대수명-저위 / 국제이동-저위 / 국내이동-중위)","충청남도","계","70 - 74세",-,-,-,-,-,-,-,-,98516,100405,103033,111027,121192,127622,137291,147584,156313,168724,174358,180112,178353,178631,171451,172418,172006,181411,182136,189558,193221,196620,194972,193020,187533,181960,177326,173474,175567,179372,185109
"저위 추계(최소인구 추계: 출산율-저위 / 기대수명-저위 / 국제이동-저위 / 국내이동-중위)","충청남도","계","75 - 79세",-,-,-,-,-,-,-,-,73246,73921,77402,83260,87991,91725,93604,96379,104246,113929,120246,129428,139185,147702,159548,164862,170295,168666,169043,162641,163761,163589,172545,173595,180702,184242,187541,186157,184320,179171,173923
"저위 추계(최소인구 추계: 출산율-저위 / 기대수명-저위 / 국제이동-저위 / 국내이동-중위)","충청남도","계","80세이상",-,-,-,-,-,-,-,-,121678,126711,129763,131786,131443,135979,140489,145213,150772,153393,159555,164247,170058,181131,191158,201340,212795,225616,241782,259705,271585,284434,291936,304040,311433,320071,328397,340253,349103,359252,367260
"저위 추계(최소인구 추계: 출산율-저위 / 기대수명-저위 / 국제이동-저위 / 국내이동-중위)","충청남도","계","80 - 84세",-,-,-,-,-,-,-,-,65422,67203,65991,64911,62285,61856,62873,66176,71218,75006,78395,80212,82930,90237,98782,104588,112719,121341,129224,139868,144507,149259,147753,148354,143151,144394,144643,152790,154245,160755,164072
"저위 추계(최소인구 추계: 출산율-저위 / 기대수명-저위 / 국제이동-저위 / 국내이동-중위)","충청남도","계","85 - 89세",-,-,-,-,-,-,-,-,39941,41480,43691,44346,44227,47032,48722,48069,47315,45288,45478,46713,49411,53264,55807,58586,60188,62580,68684,75305,80008,86265,92895,99421,107886,111309,114906,113619,114480,111032,112344
"저위 추계(최소인구 추계: 출산율-저위 / 기대수명-저위 / 국제이동-저위 / 국내이동-중위)","충청남도","계","90 - 94세",-,-,-,-,-,-,-,-,13272,14703,16249,18272,20255,21665,22749,24113,24546,24609,26504,27595,27293,26845,25557,26137,27277,29055,31372,32570,34393,35484,37128,41233,45217,48161,51933,55984,60400,65853,67731
"저위 추계(최소인구 추계: 출산율-저위 / 기대수명-저위 / 국제이동-저위 / 국내이동-중위)","충청남도","계","95 - 99세",-,-,-,-,-,-,-,-,2625,2842,3367,3789,4167,4852,5479,6073,6823,7537,8066,8470,9025,9212,9277,10157,10631,10510,10305,9721,10191,10823,11586,12512,12811,13635,14148,14923,16842,18473,19717
"저위 추계(최소인구 추계: 출산율-저위 / 기대수명-저위 / 국제이동-저위 / 국내이동-중위)","충청남도","계","100세 이상",-,-,-,-,-,-,-,-,418,483,465,468,509,574,666,782,870,953,1112,1257,1399,1573,1735,1872,1980,2130,2197,2241,2486,2603,2574,2520,2368,2572,2767,2937,3136,3139,3396
"저위 추계(최소인구 추계: 출산율-저위 / 기대수명-저위 / 국제이동-저위 / 국내이동-중위)","충청남도","남자","계",-,-,-,-,-,-,-,-,1123401,1136133,1146019,1147621,1148645,1149403,1149929,1150168,1150163,1149887,1149282,1148317,1146941,1145128,1142873,1140162,1136934,1133087,1128673,1123854,1118549,1112683,1106270,1099402,1092072,1084193,1075800,1066930,1057564,1047677,1037322
"저위 추계(최소인구 추계: 출산율-저위 / 기대수명-저위 / 국제이동-저위 / 국내이동-중위)","충청남도","남자","0 - 4세",-,-,-,-,-,-,-,-,33280,30940,29192,27479,25910,24934,24248,23927,23808,24038,24375,24624,24776,24827,24784,24663,24435,24083,23646,23150,22624,22126,21709,21347,21021,20699,20353,19956,19496,18961,18354
"저위 추계(최소인구 추계: 출산율-저위 / 기대수명-저위 / 국제이동-저위 / 국내이동-중위)","충청남도","남자","5 - 9세",-,-,-,-,-,-,-,-,48046,45770,43192,39878,36518,33373,30913,28848,27133,25553,24543,23814,23478,23366,23609,23951,24205,24360,24413,24375,24255,24027,23677,23245,22756,22237,21751,21340,20984,20672,20359
"저위 추계(최소인구 추계: 출산율-저위 / 기대수명-저위 / 국제이동-저위 / 국내이동-중위)","충청남도","남자","10 - 14세",-,-,-,-,-,-,-,-,53206,52618,52487,52223,50786,48601,46083,43278,39977,36595,33456,31015,28937,27200,25597,24555,23786,23425,23306,23552,23898,24152,24305,24354,24308,24185,23956,23606,23173,22683,22163
"저위 추계(최소인구 추계: 출산율-저위 / 기대수명-저위 / 국제이동-저위 / 국내이동-중위)","충청남도","남자","15 - 19세",-,-,-,-,-,-,-,-,54434,54236,52954,52647,53514,53983,53306,52945,52653,51238,49090,46578,43775,40497,37106,33979,31569,29492,27737,26135,25064,24252,23869,23752,24011,24361,24616,24770,24818,24772,24645
"저위 추계(최소인구 추계: 출산율-저위 / 기대수명-저위 / 국제이동-저위 / 국내이동-중위)","충청남도","남자","20 - 24세",-,-,-,-,-,-,-,-,71138,70363,68568,63943,59853,58243,57093,55762,55645,56524,56962,56279,55923,55620,54274,52251,49805,47075,43897,40580,37584,35296,33273,31565,30009,28907,28050,27681,27606,27907,28263
"저위 추계(최소인구 추계: 출산율-저위 / 기대수명-저위 / 국제이동-저위 / 국내이동-중위)","충청남도","남자","25 - 29세",-,-,-,-,-,-,-,-,76542,78530,79355,78662,77283,74088,70963,67918,63479,59626,58091,57147,56072,56011,56867,57230,56533,56222,56002,54804,52919,50608,48091,45108,41879,39032,36875,34900,33234,31700,30560
"저위 추계(최소인구 추계: 출산율-저위 / 기대수명-저위 / 국제이동-저위 / 국내이동-중위)","충청남도","남자","30 - 34세",-,-,-,-,-,-,-,-,74900,78237,80484,81828,82985,82747,82198,81038,79913,78191,74807,71452,68168,63698,59818,58231,57390,56434,56353,57190,57541,56871,56557,56342,55184,53284,50917,48368,45306,41954,39078
"저위 추계(최소인구 추계: 출산율-저위 / 기대수명-저위 / 국제이동-저위 / 국내이동-중위)","충청남도","남자","35 - 39세",-,-,-,-,-,-,-,-,79407,77604,77409,77358,77136,78285,80079,81780,83268,84469,84155,83330,81872,80519,78601,75086,71546,68098,63572,59618,57968,57172,56269,56162,57002,57359,56702,56371,56154,54999,53059
"저위 추계(최소인구 추계: 출산율-저위 / 기대수명-저위 / 국제이동-저위 / 국내이동-중위)","충청남도","남자","40 - 44세",-,-,-,-,-,-,-,-,90768,92480,92511,89187,85677,81687,78445,77294,77368,77366,78811,80947,82872,84429,85645,85270,84254,82611,81115,79066,75445,71775,68208,63631,59602,57889,57133,56268,56136,56984,57353
"저위 추계(최소인구 추계: 출산율-저위 / 기대수명-저위 / 국제이동-저위 / 국내이동-중위)","충청남도","남자","45 - 49세",-,-,-,-,-,-,-,-,88472,87122,86353,87813,90211,93188,94453,93493,90121,86512,82433,79145,78002,78153,78296,79941,82317,84394,85987,87218,86794,85638,83856,82259,80113,76417,72637,68984,64367,60272,58508
"저위 추계(최소인구 추계: 출산율-저위 / 기대수명-저위 / 국제이동-저위 / 국내이동-중위)","충청남도","남자","50 - 54세",-,-,-,-,-,-,-,-,94863,97166,97034,96593,93898,91411,89519,88081,89369,91714,94625,95839,94888,91494,87804,83658,80327,79179,79388,79645,81451,84023,86223,87871,89132,88683,87422,85548,83879,81660,77896
"저위 추계(최소인구 추계: 출산율-저위 / 기대수명-저위 / 국제이동-저위 / 국내이동-중위)","충청남도","남자","55 - 59세",-,-,-,-,-,-,-,-,86116,86006,91524,91449,95770,98146,100208,99627,98984,96074,93385,91310,89682,90851,93189,96084,97301,96390,92996,89246,85047,81669,80514,80783,81153,83109,85872,88207,89923,91239,90790
"저위 추계(최소인구 추계: 출산율-저위 / 기대수명-저위 / 국제이동-저위 / 국내이동-중위)","충청남도","남자","60 - 64세",-,-,-,-,-,-,-,-,87938,91856,91549,92587,88803,89377,89094,94102,94240,98535,100857,102946,102358,101567,98502,95655,93434,91658,92760,95151,98093,99371,98529,95140,91313,87044,83611,82447,82783,83272,85387
"저위 추계(최소인구 추계: 출산율-저위 / 기대수명-저위 / 국제이동-저위 / 국내이동-중위)","충청남도","남자","65 - 69세",-,-,-,-,-,-,-,-,63762,68978,74515,79114,85867,89101,92625,92212,93084,89473,90099,89778,94598,94960,99199,101505,103596,103027,102134,99002,96091,93819,92007,93125,95593,98579,99902,99103,95727,91879,87626
"저위 추계(최소인구 추계: 출산율-저위 / 기대수명-저위 / 국제이동-저위 / 국내이동-중위)","충청남도","남자","70 - 74세",-,-,-,-,-,-,-,-,47116,47978,49216,53301,58574,62089,67205,72534,77066,83572,86664,90031,89672,90474,87159,87847,87581,92191,92747,96884,99175,101244,100749,99861,96811,93972,91787,90063,91229,93742,96731
"저위 추계(최소인구 추계: 출산율-저위 / 기대수명-저위 / 국제이동-저위 / 국내이동-중위)","충청남도","남자","75 - 79세",-,-,-,-,-,-,-,-,32321,33365,35700,38702,40778,42581,43530,44849,48800,53700,57075,61826,66769,71102,77184,80040,83164,82839,83648,80832,81622,81516,85850,86620,90555,92767,94772,94447,93656,90869,88291
"저위 추계(최소인구 추계: 출산율-저위 / 기대수명-저위 / 국제이동-저위 / 국내이동-중위)","충청남도","남자","80세이상",-,-,-,-,-,-,-,-,41092,42884,43976,44857,45082,47569,49967,52480,55255,56707,59854,62256,65099,70360,75239,80216,85691,91609,98972,107406,112978,119124,122584,128237,131630,135669,139444,144871,149093,154112,158259
"저위 추계(최소인구 추계: 출산율-저위 / 기대수명-저위 / 국제이동-저위 / 국내이동-중위)","충청남도","남자","80 - 84세",-,-,-,-,-,-,-,-,24495,25414,25309,25307,24803,25569,26670,28644,31083,32615,34211,35115,36375,39897,44000,46945,50933,55061,58896,64151,66538,69191,68892,69778,67716,68585,68756,72601,73577,77067,79086
"저위 추계(최소인구 추계: 출산율-저위 / 기대수명-저위 / 국제이동-저위 / 국내이동-중위)","충청남도","남자","85 - 89세",-,-,-,-,-,-,-,-,12804,13297,13982,14221,14308,15450,16258,16260,16278,15932,16683,17614,19032,20694,21593,22821,23545,24553,27237,30122,32301,35107,38006,40941,44823,46464,48379,48134,49016,47853,48693
"저위 추계(최소인구 추계: 출산율-저위 / 기대수명-저위 / 국제이동-저위 / 국내이동-중위)","충청남도","남자","90 - 94세",-,-,-,-,-,-,-,-,3209,3570,4014,4596,5187,5627,5971,6351,6493,6588,7238,7683,7702,7705,7516,8064,8655,9414,10253,10605,11327,11757,12366,13934,15448,16649,18130,19681,21410,23601,24411
"저위 추계(최소인구 추계: 출산율-저위 / 기대수명-저위 / 국제이동-저위 / 국내이동-중위)","충청남도","남자","95 - 99세",-,-,-,-,-,-,-,-,522,537,612,673,722,853,989,1134,1301,1466,1594,1695,1818,1867,1909,2143,2297,2298,2292,2223,2464,2695,2949,3214,3284,3557,3719,3954,4547,5046,5464
"저위 추계(최소인구 추계: 출산율-저위 / 기대수명-저위 / 국제이동-저위 / 국내이동-중위)","충청남도","남자","100세 이상",-,-,-,-,-,-,-,-,62,66,59,60,62,70,79,91,100,106,128,149,172,197,221,243,261,283,294,305,348,374,371,370,359,414,460,501,543,545,605
"저위 추계(최소인구 추계: 출산율-저위 / 기대수명-저위 / 국제이동-저위 / 국내이동-중위)","충청남도","여자","계",-,-,-,-,-,-,-,-,1062595,1067865,1072153,1070787,1069039,1067207,1065406,1063577,1061709,1059758,1057575,1055148,1052545,1049738,1046706,1043428,1039911,1036108,1031942,1027435,1022615,1017456,1011913,1005942,999408,992416,984990,977052,968639,959710,950095
"저위 추계(최소인구 추계: 출산율-저위 / 기대수명-저위 / 국제이동-저위 / 국내이동-중위)","충청남도","여자","0 - 4세",-,-,-,-,-,-,-,-,31806,29490,27699,26172,24946,23940,23269,22907,22799,23019,23343,23583,23729,23779,23737,23619,23400,23062,22641,22168,21666,21191,20790,20444,20130,19823,19489,19112,18674,18163,17582
"저위 추계(최소인구 추계: 출산율-저위 / 기대수명-저위 / 국제이동-저위 / 국내이동-중위)","충청남도","여자","5 - 9세",-,-,-,-,-,-,-,-,45920,43480,41422,38101,34575,31680,29273,27287,25761,24502,23453,22756,22387,22290,22523,22852,23092,23237,23286,23245,23128,22910,22579,22165,21699,21206,20744,20353,20019,19716,19416
"저위 추계(최소인구 추계: 출산율-저위 / 기대수명-저위 / 국제이동-저위 / 국내이동-중위)","충청남도","여자","10 - 14세",-,-,-,-,-,-,-,-,49448,49287,49083,48927,47899,46022,43495,41146,37859,34384,31540,29172,27200,25660,24377,23301,22582,22203,22106,22341,22668,22909,23052,23098,23053,22936,22724,22392,21978,21513,21024
"저위 추계(최소인구 추계: 출산율-저위 / 기대수명-저위 / 국제이동-저위 / 국내이동-중위)","충청남도","여자","15 - 19세",-,-,-,-,-,-,-,-,50756,49693,48334,48622,49413,49951,49627,49243,49075,48046,46164,43666,41329,38049,34625,31831,29511,27580,26063,24770,23668,22926,22536,22452,22697,23025,23265,23406,23450,23408,23286
"저위 추계(최소인구 추계: 출산율-저위 / 기대수명-저위 / 국제이동-저위 / 국내이동-중위)","충청남도","여자","20 - 24세",-,-,-,-,-,-,-,-,61082,61173,60330,55613,51149,48519,47497,46582,46989,47663,48116,47742,47394,47243,46264,44515,42239,40074,37020,33966,31523,29519,27838,26470,25231,24157,23457,23128,23107,23378,23696
"저위 추계(최소인구 추계: 출산율-저위 / 기대수명-저위 / 국제이동-저위 / 국내이동-중위)","충청남도","여자","25 - 29세",-,-,-,-,-,-,-,-,56728,56119,56176,56786,56866,55552,53985,51846,47900,44490,42670,42170,41423,41737,42315,42726,42304,42017,41977,41118,39583,37600,35722,33062,30435,28321,26579,25072,23801,22636,21640
"저위 추계(최소인구 추계: 출산율-저위 / 기대수명-저위 / 국제이동-저위 / 국내이동-중위)","충청남도","여자","30 - 34세",-,-,-,-,-,-,-,-,58401,59395,60394,60214,60451,59824,58726,57949,58165,57686,55890,53866,51522,47752,44487,42781,42396,41683,41942,42509,42932,42491,42248,42231,41379,39871,37890,35983,33314,30657,28483
"저위 추계(최소인구 추계: 출산율-저위 / 기대수명-저위 / 국제이동-저위 / 국내이동-중위)","충청남도","여자","35 - 39세",-,-,-,-,-,-,-,-,66770,64090,62710,61779,60894,61039,61607,62216,62366,62835,62275,61235,60417,60375,59597,57500,55148,52621,48846,45550,43855,43536,42836,43050,43621,44071,43616,43378,43352,42483,40933
"저위 추계(최소인구 추계: 출산율-저위 / 기대수명-저위 / 국제이동-저위 / 국내이동-중위)","충청남도","여자","40 - 44세",-,-,-,-,-,-,-,-,77625,79250,79155,75649,72383,68566,65304,63236,62462,61776,62178,62996,63794,64104,64685,64153,63132,62272,62069,61117,58841,56282,53634,49846,46516,44819,44541,43846,44025,44607,45073
"저위 추계(최소인구 추계: 출산율-저위 / 기대수명-저위 / 국제이동-저위 / 국내이동-중위)","충청남도","여자","45 - 49세",-,-,-,-,-,-,-,-,77974,76610,75254,76474,77530,80141,81429,80710,77140,73803,69891,66573,64534,63848,63278,63838,64831,65759,66178,66826,66305,65289,64391,64068,62992,60580,57858,55105,51288,47906,46189
"저위 추계(최소인구 추계: 출산율-저위 / 기대수명-저위 / 국제이동-저위 / 국내이동-중위)","충청남도","여자","50 - 54세",-,-,-,-,-,-,-,-,83859,85537,84866,84368,82767,80809,78837,77064,78182,79248,81860,83055,82255,78641,75234,71232,67858,65832,65205,64721,65412,66561,67601,68113,68825,68318,67315,66389,65972,64802,62283
"저위 추계(최소인구 추계: 출산율-저위 / 기대수명-저위 / 국제이동-저위 / 국내이동-중위)","충청남도","여자","55 - 59세",-,-,-,-,-,-,-,-,78371,78596,83593,83335,86557,87894,89248,88225,87556,85688,83469,81322,79400,80419,81519,84165,85323,84478,80812,77295,73160,69685,67639,67056,66653,67471,68775,69941,70564,71360,70872
"저위 추계(최소인구 추계: 출산율-저위 / 기대수명-저위 / 국제이동-저위 / 국내이동-중위)","충청남도","여자","60 - 64세",-,-,-,-,-,-,-,-,85425,88178,86763,86301,82252,82457,82252,87136,87045,90341,91711,93081,91991,91149,89015,86546,84223,82160,83110,84273,86983,88130,87240,83489,79819,75532,71941,69864,69318,68997,69950
"저위 추계(최소인구 추계: 출산율-저위 / 기대수명-저위 / 국제이동-저위 / 국내이동-중위)","충청남도","여자","65 - 69세",-,-,-,-,-,-,-,-,65519,70157,75068,79233,85165,87726,90175,88717,88200,84210,84449,84257,89114,89164,92475,93852,95212,94076,93093,90754,88099,85668,83537,84461,85686,88421,89535,88580,84765,81012,76657
"저위 추계(최소인구 추계: 출산율-저위 / 기대수명-저위 / 국제이동-저위 / 국내이동-중위)","충청남도","여자","70 - 74세",-,-,-,-,-,-,-,-,51400,52427,53817,57726,62618,65533,70086,75050,79247,85152,87694,90081,88681,88157,84292,84571,84425,89220,89389,92674,94046,95376,94223,93159,90722,87988,85539,83411,84338,85630,88378
"저위 추계(최소인구 추계: 출산율-저위 / 기대수명-저위 / 국제이동-저위 / 국내이동-중위)","충청남도","여자","75 - 79세",-,-,-,-,-,-,-,-,40925,40556,41702,44558,47213,49144,50074,51530,55446,60229,63171,67602,72416,76600,82364,84822,87131,85827,85395,81809,82139,82073,86695,86975,90147,91475,92769,91710,90664,88302,85632
"저위 추계(최소인구 추계: 출산율-저위 / 기대수명-저위 / 국제이동-저위 / 국내이동-중위)","충청남도","여자","80세이상",-,-,-,-,-,-,-,-,80586,83827,85787,86929,86361,88410,90522,92733,95517,96686,99701,101991,104959,110771,115919,121124,127104,134007,142810,152299,158607,165310,169352,175803,179803,184402,188953,195382,200010,205140,209001
"저위 추계(최소인구 추계: 출산율-저위 / 기대수명-저위 / 국제이동-저위 / 국내이동-중위)","충청남도","여자","80 - 84세",-,-,-,-,-,-,-,-,40927,41789,40682,39604,37482,36287,36203,37532,40135,42391,44184,45097,46555,50340,54782,57643,61786,66280,70328,75717,77969,80068,78861,78576,75435,75809,75887,80189,80668,83688,84986
"저위 추계(최소인구 추계: 출산율-저위 / 기대수명-저위 / 국제이동-저위 / 국내이동-중위)","충청남도","여자","85 - 89세",-,-,-,-,-,-,-,-,27137,28183,29709,30125,29919,31582,32464,31809,31037,29356,28795,29099,30379,32570,34214,35765,36643,38027,41447,45183,47707,51158,54889,58480,63063,64845,66527,65485,65464,63179,63651
"저위 추계(최소인구 추계: 출산율-저위 / 기대수명-저위 / 국제이동-저위 / 국내이동-중위)","충청남도","여자","90 - 94세",-,-,-,-,-,-,-,-,10063,11133,12235,13676,15068,16038,16778,17762,18053,18021,19266,19912,19591,19140,18041,18073,18622,19641,21119,21965,23066,23727,24762,27299,29769,31512,33803,36303,38990,42252,43320
"저위 추계(최소인구 추계: 출산율-저위 / 기대수명-저위 / 국제이동-저위 / 국내이동-중위)","충청남도","여자","95 - 99세",-,-,-,-,-,-,-,-,2103,2305,2755,3116,3445,3999,4490,4939,5522,6071,6472,6775,7207,7345,7368,8014,8334,8212,8013,7498,7727,8128,8637,9298,9527,10078,10429,10969,12295,13427,14253
"저위 추계(최소인구 추계: 출산율-저위 / 기대수명-저위 / 국제이동-저위 / 국내이동-중위)","충청남도","여자","100세 이상",-,-,-,-,-,-,-,-,356,417,406,408,447,504,587,691,770,847,984,1108,1227,1376,1514,1629,1719,1847,1903,1936,2138,2229,2203,2150,2009,2158,2307,2436,2593,2594,2791
"무이동 추계(출산율-중위 / 기대수명-중위 / 국제이동-무이동 / 국내이동-무이동)","충청남도","계","계",-,-,-,-,-,-,-,-,2185996,2188029,2180534,2172875,2164744,2156581,2148412,2140270,2132152,2124049,2115929,2107764,2099520,2091131,2082584,2073818,2064624,2054840,2044370,2033167,2021256,2008669,1995407,1981427,1966649,1951014,1934534,1917178,1898964,1879981,1860232
"무이동 추계(출산율-중위 / 기대수명-중위 / 국제이동-무이동 / 국내이동-무이동)","충청남도","계","0 - 4세",-,-,-,-,-,-,-,-,65086,60016,56087,53060,51020,50424,50516,51317,52727,54569,56366,58078,59658,61072,62289,63296,63909,63982,63568,62729,61528,60203,58955,57767,56611,55437,54192,52832,51330,49672,47879
"무이동 추계(출산율-중위 / 기대수명-중위 / 국제이동-무이동 / 국내이동-무이동)","충청남도","계","5 - 9세",-,-,-,-,-,-,-,-,93966,88990,84090,77725,70956,64859,59989,56067,53042,51004,50410,50503,51305,52716,54556,56352,58064,59645,61059,62276,63284,63900,63971,63558,62719,61520,60197,58947,57758,56603,55430
"무이동 추계(출산율-중위 / 기대수명-중위 / 국제이동-무이동 / 국내이동-무이동)","충청남도","계","10 - 14세",-,-,-,-,-,-,-,-,102654,101582,100722,100199,97739,93795,88957,84065,77705,70940,64848,59983,56062,53037,50999,50405,50499,51300,52710,54552,56349,58061,59642,61057,62275,63283,63898,63970,63556,62718,61518
"무이동 추계(출산율-중위 / 기대수명-중위 / 국제이동-무이동 / 국내이동-무이동)","충청남도","계","15 - 19세",-,-,-,-,-,-,-,-,105190,103858,100298,100052,101636,102578,101509,100652,100132,97675,93736,88902,84014,77659,70901,64813,59954,56038,53015,50980,50388,50481,51283,52693,54534,56331,58044,59624,61038,62256,63264
"무이동 추계(출산율-중위 / 기대수명-중위 / 국제이동-무이동 / 국내이동-무이동)","충청남도","계","20 - 24세",-,-,-,-,-,-,-,-,132220,132931,129549,121009,112126,107013,103706,100164,99922,101511,102457,101394,100540,100024,97574,93641,88815,83936,77592,70842,64762,59909,55995,52976,50942,50348,50444,51248,52659,54500,56299
"무이동 추계(출산율-중위 / 기대수명-중위 / 국제이동-무이동 / 국내이동-무이동)","충청남도","계","25 - 29세",-,-,-,-,-,-,-,-,133270,133596,132762,134378,135847,134544,132658,129301,120789,111931,106835,103540,100010,99774,101364,102311,101249,100401,99890,97448,93530,88713,83846,77512,70773,64698,59847,55936,52921,50890,50297
"무이동 추계(출산율-중위 / 기대수명-중위 / 국제이동-무이동 / 국내이동-무이동)","충청남도","계","30 - 34세",-,-,-,-,-,-,-,-,133301,136124,136785,136828,137058,135148,133236,132422,134050,135529,134244,132375,129037,120553,111724,106647,103365,99846,99612,101203,102153,101101,100257,99752,97318,93411,88607,83747,77422,70694,64628
"무이동 추계(출산율-중위 / 기대수명-중위 / 국제이동-무이동 / 국내이동-무이동)","충청남도","계","35 - 39세",-,-,-,-,-,-,-,-,146177,140400,136935,135722,134191,134665,135671,136350,136408,136655,134762,132867,132068,133705,135195,133927,132079,128761,120307,111503,106443,103173,99668,99442,101038,101992,100947,100108,99607,97177,93281
"무이동 추계(출산율-중위 / 기대수명-중위 / 국제이동-무이동 / 국내이동-무이동)","충청남도","계","40 - 44세",-,-,-,-,-,-,-,-,168393,170501,168428,161304,154267,146278,139694,136272,135089,133584,134077,135099,135793,135868,136130,134260,132389,131613,133265,134773,133524,131700,128405,119986,111216,106177,102924,99438,99220,100818,101776
"무이동 추계(출산율-중위 / 기대수명-중위 / 국제이동-무이동 / 국내이동-무이동)","충청남도","계","45 - 49세",-,-,-,-,-,-,-,-,166446,162213,158440,160140,162643,167375,169303,167290,160248,153289,145382,138866,135488,134329,132855,133370,134410,135126,135221,135501,133663,131823,131070,132743,134269,133045,131245,127978,119601,110871,105857
"무이동 추계(출산율-중위 / 기대수명-중위 / 국제이동-무이동 / 국내이동-무이동)","충청남도","계","50 - 54세",-,-,-,-,-,-,-,-,178722,180666,177584,175341,170090,164968,160617,156944,158685,161214,165951,167904,165944,158990,152118,144304,137873,134550,133432,131996,132532,133593,134333,134452,134757,132954,131146,130420,132110,133656,132463
"무이동 추계(출산율-중위 / 기대수명-중위 / 국제이동-무이동 / 국내이동-무이동)","충청남도","계","55 - 59세",-,-,-,-,-,-,-,-,164487,162204,170473,168391,174219,176236,178019,175084,172946,167847,162860,158633,155069,156854,159413,164153,166140,164250,157412,150656,142967,136638,133381,132312,130922,131490,132575,133339,133482,133808,132045
"무이동 추계(출산율-중위 / 기대수명-중위 / 국제이동-무이동 / 국내이동-무이동)","충청남도","계","60 - 64세",-,-,-,-,-,-,-,-,173363,177317,173223,171776,162098,161027,158843,167081,165163,170982,173051,174891,172102,170083,165156,160333,156252,152827,154676,157270,162020,164049,162239,155535,148915,141370,135161,131981,130962,129624,130229
"무이동 추계(출산율-중위 / 기대수명-중위 / 국제이동-무이동 / 국내이동-무이동)","충청남도","계","65 - 69세",-,-,-,-,-,-,-,-,129281,137614,146561,153531,164164,167931,171921,168070,166833,157594,156691,154722,162881,161153,166940,169065,170971,168379,166515,161818,157194,153299,150040,151963,154604,159359,161433,159712,153162,146703,139340
"무이동 추계(출산율-중위 / 기대수명-중위 / 국제이동-무이동 / 국내이동-무이동)","충청남도","계","70 - 74세",-,-,-,-,-,-,-,-,98516,99699,101628,108707,117807,122925,131107,139809,146710,157099,160846,164809,161205,160202,151521,150819,149123,157163,155698,161436,163622,165600,163249,161565,157159,152789,149130,146085,148086,150772,155514
"무이동 추계(출산율-중위 / 기대수명-중위 / 국제이동-무이동 / 국내이동-무이동)","충청남도","계","75 - 79세",-,-,-,-,-,-,-,-,73246,73606,76918,82417,86824,90176,91548,93582,100453,109015,113979,121705,129921,136670,146637,150254,154095,150777,150122,142275,141842,140536,148325,147224,152817,155027,157035,155010,153526,149526,145520
"무이동 추계(출산율-중위 / 기대수명-중위 / 국제이동-무이동 / 국내이동-무이동)","충청남도","계","80세이상",-,-,-,-,-,-,-,-,121678,126712,130051,132295,132059,136639,141118,145800,151250,153611,159434,163493,168423,178442,187212,195868,205437,216246,230276,245909,255455,265890,270748,280890,285780,291783,297709,306803,312524,319693,324892
"무이동 추계(출산율-중위 / 기대수명-중위 / 국제이동-무이동 / 국내이동-무이동)","충청남도","계","80 - 84세",-,-,-,-,-,-,-,-,65422,67113,65929,64777,62025,61423,62192,65268,70151,73822,76991,78373,80374,86766,94324,98890,105745,113067,119470,128621,131890,135402,132452,132280,125764,125675,124926,132121,131513,136708,138854
"무이동 추계(출산율-중위 / 기대수명-중위 / 국제이동-무이동 / 국내이동-무이동)","충청남도","계","85 - 89세",-,-,-,-,-,-,-,-,39941,41519,43894,44675,44563,47336,48994,48269,47377,45155,45128,46089,48629,52463,55018,57704,58931,60721,66165,72078,75848,81224,86991,92517,100077,102593,105360,102843,103147,98508,98771
"무이동 추계(출산율-중위 / 기대수명-중위 / 국제이동-무이동 / 국내이동-무이동)","충청남도","계","90 - 94세",-,-,-,-,-,-,-,-,13272,14747,16370,18528,20700,22283,23508,25021,25515,25485,27340,28396,27980,27362,25836,26193,27095,28804,31230,32531,34396,35261,36541,40352,44031,46498,49815,53412,57310,62359,63765
"무이동 추계(출산율-중위 / 기대수명-중위 / 국제이동-무이동 / 국내이동-무이동)","충청남도","계","95 - 99세",-,-,-,-,-,-,-,-,2625,2847,3388,3840,4252,5007,5736,6422,7288,8131,8763,9241,9870,10068,10047,10921,11377,11186,10867,10112,10484,11036,11838,12903,13284,14192,14588,15208,17088,18647,19740
"무이동 추계(출산율-중위 / 기대수명-중위 / 국제이동-무이동 / 국내이동-무이동)","충청남도","계","100세 이상",-,-,-,-,-,-,-,-,418,486,470,475,519,590,688,820,919,1018,1212,1394,1570,1783,1987,2160,2289,2468,2544,2567,2837,2967,2926,2838,2624,2825,3020,3219,3466,3471,3762
"무이동 추계(출산율-중위 / 기대수명-중위 / 국제이동-무이동 / 국내이동-무이동)","충청남도","남자","계",-,-,-,-,-,-,-,-,1123401,1126323,1121985,1117664,1113156,1108683,1104251,1099863,1095511,1091171,1086826,1082452,1078024,1073508,1068877,1064102,1059058,1053678,1047907,1041726,1035150,1028201,1020902,1013252,1005211,996744,987872,978578,968878,958803,948380
"무이동 추계(출산율-중위 / 기대수명-중위 / 국제이동-무이동 / 국내이동-무이동)","충청남도","남자","0 - 4세",-,-,-,-,-,-,-,-,33280,30704,28752,27186,26005,25746,25811,26256,26977,27919,28838,29714,30523,31248,31872,32389,32704,32743,32532,32104,31491,30814,30176,29569,28978,28377,27741,27044,26276,25427,24510
"무이동 추계(출산율-중위 / 기대수명-중위 / 국제이동-무이동 / 국내이동-무이동)","충청남도","남자","5 - 9세",-,-,-,-,-,-,-,-,48046,45555,42832,39610,36331,33158,30687,28738,27174,25994,25736,25802,26248,26969,27910,28830,29706,30515,31241,31865,32382,32698,32737,32526,32099,31486,30810,30172,29565,28974,28374
"무이동 추계(출산율-중위 / 기대수명-중위 / 국제이동-무이동 / 국내이동-무이동)","충청남도","남자","10 - 14세",-,-,-,-,-,-,-,-,53206,52452,51982,51603,50110,47954,45535,42815,39597,36320,33150,30681,28733,27169,25991,25734,25800,26245,26966,27908,28827,29703,30513,31239,31864,32382,32698,32736,32525,32098,31485
"무이동 추계(출산율-중위 / 기대수명-중위 / 국제이동-무이동 / 국내이동-무이동)","충청남도","남자","15 - 19세",-,-,-,-,-,-,-,-,54434,54084,52312,51947,52740,53153,52404,51936,51560,50069,47916,45500,42783,39568,36295,33128,30663,28716,27153,25975,25719,25786,26231,26952,27894,28813,29690,30499,31224,31849,32367
"무이동 추계(출산율-중위 / 기대수명-중위 / 국제이동-무이동 / 국내이동-무이동)","충청남도","남자","20 - 24세",-,-,-,-,-,-,-,-,71138,70363,67156,62204,57621,55486,53984,52221,51859,52656,53073,52329,51863,51489,50003,47854,45443,42734,39526,36259,33096,30634,28688,27128,25951,25694,25760,26206,26927,27869,28790
"무이동 추계(출산율-중위 / 기대수명-중위 / 국제이동-무이동 / 국내이동-무이동)","충청남도","남자","25 - 29세",-,-,-,-,-,-,-,-,76542,77530,76734,76320,75501,72998,70186,66998,62063,57494,55368,53874,52118,51763,52560,52978,52236,51774,51405,49925,47786,45380,42677,39474,36214,33056,30598,28656,27100,25925,25669
"무이동 추계(출산율-중위 / 기대수명-중위 / 국제이동-무이동 / 국내이동-무이동)","충청남도","남자","30 - 34세",-,-,-,-,-,-,-,-,74900,77496,78291,78914,79260,78211,77272,76494,76092,75284,72796,69996,66823,61906,57355,55240,53753,52004,51651,52452,52873,52140,51682,51318,49843,47711,45313,42613,39414,36160,33011
"무이동 추계(출산율-중위 / 기대수명-중위 / 국제이동-무이동 / 국내이동-무이동)","충청남도","남자","35 - 39세",-,-,-,-,-,-,-,-,79407,76851,75664,75556,75259,76088,77178,77984,78615,78973,77937,77013,76246,75853,75056,72582,69800,66642,61744,57209,55103,53623,51885,51538,52342,52766,52037,51584,51225,49754,47627
"무이동 추계(출산율-중위 / 기대수명-중위 / 국제이동-무이동 / 국내이동-무이동)","충청남도","남자","40 - 44세",-,-,-,-,-,-,-,-,90768,91842,90661,87243,83639,79573,76363,75204,75113,74832,75672,76772,77587,78228,78596,77576,76668,75919,75541,74761,72306,69544,66406,61534,57020,54927,53458,51731,51390,52197,52625
"무이동 추계(출산율-중위 / 기대수명-중위 / 국제이동-무이동 / 국내이동-무이동)","충청남도","남자","45 - 49세",-,-,-,-,-,-,-,-,88472,86316,84574,85468,87386,90023,90991,89849,86487,82936,78927,75765,74636,74562,74301,75154,76265,77094,77748,78130,77134,76248,75517,75159,74396,71962,69225,66111,61269,56782,54706
"무이동 추계(출산율-중위 / 기대수명-중위 / 국제이동-무이동 / 국내이동-무이동)","충청남도","남자","50 - 54세",-,-,-,-,-,-,-,-,94863,96088,94687,93481,90205,87316,85164,83489,84412,86343,88982,89969,88866,85566,82079,78138,75035,73943,73895,73660,74525,75649,76495,77166,77567,76597,75734,75026,74685,73942,71537
"무이동 추계(출산율-중위 / 기대수명-중위 / 국제이동-무이동 / 국내이동-무이동)","충청남도","남자","55 - 59세",-,-,-,-,-,-,-,-,86116,84816,89063,88093,91523,92962,94141,92842,91713,88553,85764,83701,82105,83061,85010,87649,88663,87611,84394,80991,77142,74113,73064,73048,72845,73732,74872,75734,76422,76838,75897
"무이동 추계(출산율-중위 / 기대수명-중위 / 국제이동-무이동 / 국내이동-무이동)","충청남도","남자","60 - 64세",-,-,-,-,-,-,-,-,87938,90397,88771,88709,83922,83459,82288,86510,85663,89078,90552,91769,90577,89536,86512,83850,81897,80405,81409,83379,86024,87070,86077,82959,79659,75917,72979,71984,72002,71836,72747
"무이동 추계(출산율-중위 / 기대수명-중위 / 국제이동-무이동 / 국내이동-무이동)","충청남도","남자","65 - 69세",-,-,-,-,-,-,-,-,63762,68081,72616,76165,81766,83911,86389,84930,85006,80540,80200,79190,83352,82645,86030,87542,88805,87755,86830,83985,81476,79660,78290,79349,81346,83994,85076,84154,81149,77968,74363
"무이동 추계(출산율-중위 / 기대수명-중위 / 국제이동-무이동 / 국내이동-무이동)","충청남도","남자","70 - 74세",-,-,-,-,-,-,-,-,47116,47592,48412,51947,56555,59288,63512,67871,71361,76777,78900,81347,80050,80265,76186,75987,75170,79246,78719,82060,83608,84917,84030,83236,80610,78292,76647,75425,76537,78549,81182
"무이동 추계(출산율-중위 / 기대수명-중위 / 국제이동-무이동 / 국내이동-무이동)","충청남도","남자","75 - 79세",-,-,-,-,-,-,-,-,32321,33231,35402,38212,40117,41680,42310,43210,46589,50832,53446,57354,61381,64749,69866,71899,74244,73113,73506,69962,69932,69373,73276,72986,76215,77767,79086,78401,77740,75398,73331
"무이동 추계(출산율-중위 / 기대수명-중위 / 국제이동-무이동 / 국내이동-무이동)","충청남도","남자","80세이상",-,-,-,-,-,-,-,-,41092,42925,44076,45006,45216,47677,50036,52516,55230,56571,59569,61676,64133,68931,73255,77572,82206,87219,93647,101101,105726,110849,113158,118071,120368,123271,126148,130502,133428,137237,140159
"무이동 추계(출산율-중위 / 기대수명-중위 / 국제이동-무이동 / 국내이동-무이동)","충청남도","남자","80 - 84세",-,-,-,-,-,-,-,-,24495,25398,25246,25224,24671,25373,26405,28312,30682,32156,33606,34235,35117,38167,41760,44095,47427,50868,53976,58535,60322,62412,61455,62063,59329,59501,59295,62808,62810,65735,67199
"무이동 추계(출산율-중위 / 기대수명-중위 / 국제이동-무이동 / 국내이동-무이동)","충청남도","남자","85 - 89세",-,-,-,-,-,-,-,-,12804,13331,14081,14351,14423,15560,16362,16347,16347,15960,16692,17599,19014,20697,21600,22766,23299,24054,26477,29077,30886,33311,35814,38327,41870,43186,44770,44003,44717,42992,43314
"무이동 추계(출산율-중위 / 기대수명-중위 / 국제이동-무이동 / 국내이동-무이동)","충청남도","남자","90 - 94세",-,-,-,-,-,-,-,-,3209,3589,4069,4683,5320,5793,6158,6573,6719,6779,7428,7866,7868,7858,7635,8188,8789,9585,10484,10858,11581,11916,12398,13889,15317,16376,17700,19068,20631,22744,23425
"무이동 추계(출산율-중위 / 기대수명-중위 / 국제이동-무이동 / 국내이동-무이동)","충청남도","남자","95 - 99세",-,-,-,-,-,-,-,-,522,540,620,686,739,879,1031,1190,1378,1564,1706,1814,1945,1990,2012,2250,2401,2397,2386,2300,2558,2804,3088,3393,3469,3762,3885,4077,4672,5166,5553
"무이동 추계(출산율-중위 / 기대수명-중위 / 국제이동-무이동 / 국내이동-무이동)","충청남도","남자","100세 이상",-,-,-,-,-,-,-,-,62,67,60,62,63,72,80,94,104,112,137,162,189,219,248,273,290,315,324,331,379,406,403,399,383,446,498,546,598,600,668
"무이동 추계(출산율-중위 / 기대수명-중위 / 국제이동-무이동 / 국내이동-무이동)","충청남도","여자","계",-,-,-,-,-,-,-,-,1062595,1061706,1058549,1055211,1051588,1047898,1044161,1040407,1036641,1032878,1029103,1025312,1021496,1017623,1013707,1009716,1005566,1001162,996463,991441,986106,980468,974505,968175,961438,954270,946662,938600,930086,921178,911852
"무이동 추계(출산율-중위 / 기대수명-중위 / 국제이동-무이동 / 국내이동-무이동)","충청남도","여자","0 - 4세",-,-,-,-,-,-,-,-,31806,29312,27335,25874,25015,24678,24705,25061,25750,26650,27528,28364,29135,29824,30417,30907,31205,31239,31036,30625,30037,29389,28779,28198,27633,27060,26451,25788,25054,24245,23369
"무이동 추계(출산율-중위 / 기대수명-중위 / 국제이동-무이동 / 국내이동-무이동)","충청남도","여자","5 - 9세",-,-,-,-,-,-,-,-,45920,43435,41258,38115,34625,31701,29302,27329,25868,25010,24674,24701,25057,25747,26646,27522,28358,29130,29818,30411,30902,31202,31234,31032,30620,30034,29387,28775,28193,27629,27056
"무이동 추계(출산율-중위 / 기대수명-중위 / 국제이동-무이동 / 국내이동-무이동)","충청남도","여자","10 - 14세",-,-,-,-,-,-,-,-,49448,49130,48740,48596,47629,45841,43422,41250,38108,34620,31698,29302,27329,25868,25008,24671,24699,25055,25744,26644,27522,28358,29129,29818,30411,30901,31200,31234,31031,30620,30033
"무이동 추계(출산율-중위 / 기대수명-중위 / 국제이동-무이동 / 국내이동-무이동)","충청남도","여자","15 - 19세",-,-,-,-,-,-,-,-,50756,49774,47986,48105,48896,49425,49105,48716,48572,47606,45820,43402,41231,38091,34606,31685,29291,27322,25862,25005,24669,24695,25052,25741,26640,27518,28354,29125,29814,30407,30897
"무이동 추계(출산율-중위 / 기대수명-중위 / 국제이동-무이동 / 국내이동-무이동)","충청남도","여자","20 - 24세",-,-,-,-,-,-,-,-,61082,62568,62393,58805,54505,51527,49722,47943,48063,48855,49384,49065,48677,48535,47571,45787,43372,41202,38066,34583,31666,29275,27307,25848,24991,24654,24684,25042,25732,26631,27509
"무이동 추계(출산율-중위 / 기대수명-중위 / 국제이동-무이동 / 국내이동-무이동)","충청남도","여자","25 - 29세",-,-,-,-,-,-,-,-,56728,56066,56028,58058,60346,61546,62472,62303,58726,54437,51467,49666,47892,48011,48804,49333,49013,48627,48485,47523,45744,43333,41169,38038,34559,31642,29249,27280,25821,24965,24628
"무이동 추계(출산율-중위 / 기대수명-중위 / 국제이동-무이동 / 국내이동-무이동)","충청남도","여자","30 - 34세",-,-,-,-,-,-,-,-,58401,58628,58494,57914,57798,56937,55964,55928,57958,60245,61448,62379,62214,58647,54369,51407,49612,47842,47961,48751,49280,48961,48575,48434,47475,45700,43294,41134,38008,34534,31617
"무이동 추계(출산율-중위 / 기대수명-중위 / 국제이동-무이동 / 국내이동-무이동)","충청남도","여자","35 - 39세",-,-,-,-,-,-,-,-,66770,63549,61271,60166,58932,58577,58493,58366,57793,57682,56825,55854,55822,57852,60139,61345,62279,62119,58563,54294,51340,49550,47783,47904,48696,49226,48910,48524,48382,47423,45654
"무이동 추계(출산율-중위 / 기대수명-중위 / 국제이동-무이동 / 국내이동-무이동)","충청남도","여자","40 - 44세",-,-,-,-,-,-,-,-,77625,78659,77767,74061,70628,66705,63331,61068,59976,58752,58405,58327,58206,57640,57534,56684,55721,55694,57724,60012,61218,62156,61999,58452,54196,51250,49466,47707,47830,48621,49151
"무이동 추계(출산율-중위 / 기대수명-중위 / 국제이동-무이동 / 국내이동-무이동)","충청남도","여자","45 - 49세",-,-,-,-,-,-,-,-,77974,75897,73866,74672,75257,77352,78312,77441,73761,70353,66455,63101,60852,59767,58554,58216,58145,58032,57473,57371,56529,55575,55553,57584,59873,61083,62020,61867,58332,54089,51151
"무이동 추계(출산율-중위 / 기대수명-중위 / 국제이동-무이동 / 국내이동-무이동)","충청남도","여자","50 - 54세",-,-,-,-,-,-,-,-,83859,84578,82897,81860,79885,77652,75453,73455,74273,74871,76969,77935,77078,73424,70039,66166,62838,60607,59537,58336,58007,57944,57838,57286,57190,56357,55412,55394,57425,59714,60926
"무이동 추계(출산율-중위 / 기대수명-중위 / 국제이동-무이동 / 국내이동-무이동)","충청남도","여자","55 - 59세",-,-,-,-,-,-,-,-,78371,77388,81410,80298,82696,83274,83878,82242,81233,79294,77096,74932,72964,73793,74403,76504,77477,76639,73018,69665,65825,62525,60317,59264,58077,57758,57703,57605,57060,56970,56148
"무이동 추계(출산율-중위 / 기대수명-중위 / 국제이동-무이동 / 국내이동-무이동)","충청남도","여자","60 - 64세",-,-,-,-,-,-,-,-,85425,86920,84452,83067,78176,77568,76555,80571,79500,81904,82499,83122,81525,80547,78644,76483,74355,72422,73267,73891,75996,76979,76162,72576,69256,65453,62182,59997,58960,57788,57482
"무이동 추계(출산율-중위 / 기대수명-중위 / 국제이동-무이동 / 국내이동-무이동)","충청남도","여자","65 - 69세",-,-,-,-,-,-,-,-,65519,69533,73945,77366,82398,84020,85532,83140,81827,77054,76491,75532,79529,78508,80910,81523,82166,80624,79685,77833,75718,73639,71750,72614,73258,75365,76357,75558,72013,68735,64977
"무이동 추계(출산율-중위 / 기대수명-중위 / 국제이동-무이동 / 국내이동-무이동)","충청남도","여자","70 - 74세",-,-,-,-,-,-,-,-,51400,52107,53216,56760,61252,63637,67595,71938,75349,80322,81946,83462,81155,79937,75335,74832,73953,77917,76979,79376,80014,80683,79219,78329,76549,74497,72483,70660,71549,72223,74332
"무이동 추계(출산율-중위 / 기대수명-중위 / 국제이동-무이동 / 국내이동-무이동)","충청남도","여자","75 - 79세",-,-,-,-,-,-,-,-,40925,40375,41516,44205,46707,48496,49238,50372,53864,58183,60533,64351,68540,71921,76771,78355,79851,77664,76616,72313,71910,71163,75049,74238,76602,77260,77949,76609,75786,74128,72189
"무이동 추계(출산율-중위 / 기대수명-중위 / 국제이동-무이동 / 국내이동-무이동)","충청남도","여자","80세이상",-,-,-,-,-,-,-,-,80586,83787,85975,87289,86843,88962,91082,93284,96020,97040,99865,101817,104290,109511,113957,118296,123231,129027,136629,144808,149729,155041,157590,162819,165412,168512,171561,176301,179096,182456,184733
"무이동 추계(출산율-중위 / 기대수명-중위 / 국제이동-무이동 / 국내이동-무이동)","충청남도","여자","80 - 84세",-,-,-,-,-,-,-,-,40927,41715,40683,39553,37354,36050,35787,36956,39469,41666,43385,44138,45257,48599,52564,54795,58318,62199,65494,70086,71568,72990,70997,70217,66435,66174,65631,69313,68703,70973,71655
"무이동 추계(출산율-중위 / 기대수명-중위 / 국제이동-무이동 / 국내이동-무이동)","충청남도","여자","85 - 89세",-,-,-,-,-,-,-,-,27137,28188,29813,30324,30140,31776,32632,31922,31030,29195,28436,28490,29615,31766,33418,34938,35632,36667,39688,43001,44962,47913,51177,54190,58207,59407,60590,58840,58430,55516,55457
"무이동 추계(출산율-중위 / 기대수명-중위 / 국제이동-무이동 / 국내이동-무이동)","충청남도","여자","90 - 94세",-,-,-,-,-,-,-,-,10063,11158,12301,13845,15380,16490,17350,18448,18796,18706,19912,20530,20112,19504,18201,18005,18306,19219,20746,21673,22815,23345,24143,26463,28714,30122,32115,34344,36679,39615,40340
"무이동 추계(출산율-중위 / 기대수명-중위 / 국제이동-무이동 / 국내이동-무이동)","충청남도","여자","95 - 99세",-,-,-,-,-,-,-,-,2103,2307,2768,3154,3513,4128,4705,5232,5910,6567,7057,7427,7925,8078,8035,8671,8976,8789,8481,7812,7926,8232,8750,9510,9815,10430,10703,11131,12416,13481,14187
"무이동 추계(출산율-중위 / 기대수명-중위 / 국제이동-무이동 / 국내이동-무이동)","충청남도","여자","100세 이상",-,-,-,-,-,-,-,-,356,419,410,413,456,518,608,726,815,906,1075,1232,1381,1564,1739,1887,1999,2153,2220,2236,2458,2561,2523,2439,2241,2379,2522,2673,2868,2871,3094
