시군,종류,시설명,주소,전화번호
천안시,방문목욕,천안시노인종합복지관부설 천안노인복지센터,충청남도 천안시 서북구 미라11길  16 (쌍용동),041-571-0286
천안시,방문요양,천안시노인종합복지관부설 천안노인복지센터,충청남도 천안시 서북구 미라11길  16 (쌍용동),041-571-0286
천안시,방문목욕,이웃사랑노인복지센터,충청남도 천안시 서북구 성환읍 성월수향길  30 2층 (성환읍),041-583-2646
천안시,방문요양,이웃사랑노인복지센터,충청남도 천안시 서북구 성환읍 성월수향길  30 2층 (성환읍),041-583-2646
천안시,방문요양,느티나무노인복지센터,충청남도 천안시 동남구 통정7길  5-3 (신방동),041-523-7995
천안시,방문요양,천안고향의집병설재가노인복지센터,충청남도 천안시 동남구 우영3길  21 (봉명동),041-574-7501
천안시,단기보호,남천안노인요양원병설재가노인복지센터,충청남도 천안시 동남구 광덕면 차령로  4267 (광덕면),041-575-7518
천안시,방문요양,남천안노인요양원병설재가노인복지센터,충청남도 천안시 동남구 광덕면 차령로  4267 (광덕면),041-575-7518
천안시,방문목욕,하은요양센터,충청남도 천안시 서북구 불당5길  15 2층201호 (불당동),041-567-1284
천안시,방문요양,하은요양센터,충청남도 천안시 서북구 불당5길  15 2층201호 (불당동),041-567-1284
천안시,방문요양,성남재가노인복지시설,충청남도 천안시 동남구 성남면 약수로  323-18 (성남면),041-569-4425
천안시,방문요양,아우내은빛복지관부설아우내노인복지센터,충청남도 천안시 동남구 병천면 병천2로  57 (병천면),041-556-6652
천안시,방문요양,우리노인주간보호센터,충청남도 천안시 동남구 목천읍 신계1길  23 (목천읍),041-555-0330
천안시,방문요양,참사랑복지센터,충청남도 천안시 서북구 성환읍 대학로  26 (성환읍),041-582-0560
천안시,방문목욕,더조은 방문요양복지센터,"충청남도 천안시 서북구 늘푸른1길  50 상가동201호 (두정동, 두정4차 푸르지오)",041-554-9085
천안시,방문요양,더조은 방문요양복지센터,"충청남도 천안시 서북구 늘푸른1길  50 상가동201호 (두정동, 두정4차 푸르지오)",041-554-9085
천안시,방문목욕,온맘터치 천안아산점,충청남도 천안시 서북구 쌍용15길  3 101호 (쌍용동),041-571-7225
천안시,방문요양,온맘터치 천안아산점,충청남도 천안시 서북구 쌍용15길  3 101호 (쌍용동),041-571-7225
천안시,방문요양,천안아산노인복지센터,충청남도 천안시 서북구 쌍용11길  57 상가동205호 (쌍용동),041-579-2005
천안시,방문목욕,해피동행재가노인복지센터,충청남도 천안시 서북구 월봉5길  39-6 203호 (쌍용동),041-579-5343
천안시,방문요양,해피동행재가노인복지센터,충청남도 천안시 서북구 월봉5길  39-6 203호 (쌍용동),041-579-5343
천안시,방문요양,이화노인복지센터,충청남도 천안시 서북구 성환읍 성환13길  4-1 2층 (성환읍),041-909-6130
천안시,방문요양,그루터기재가복지센터,충청남도 천안시 동남구 다가말4길  44 102호 (다가동),041-578-9991
천안시,방문목욕,섬김요양원 병설 천안재가서비스지원센터,충청남도 천안시 서북구 천안대로  1337 2층 (신당동),041-585-3436
천안시,방문요양,섬김요양원 병설 천안재가서비스지원센터,충청남도 천안시 서북구 천안대로  1337 2층 (신당동),041-585-3436
천안시,방문목욕,사랑방노인복지센터,충청남도 천안시 서북구 입장면 성진로  794 (입장면),041-583-9917
천안시,방문요양,사랑방노인복지센터,충청남도 천안시 서북구 입장면 성진로  794 (입장면),041-583-9917
천안시,방문목욕,`+사랑실천복지센터,충청남도 천안시 동남구 통정1로  38-17 2층 (신방동),041-578-1605
천안시,방문요양,`+사랑실천복지센터,충청남도 천안시 동남구 통정1로  38-17 2층 (신방동),041-578-1605
천안시,방문목욕,한마음재가복지센터,충청남도 천안시 서북구 직산읍 봉주로  6 (직산읍),041-581-1020
천안시,방문요양,한마음재가복지센터,충청남도 천안시 서북구 직산읍 봉주로  6 (직산읍),041-581-1020
천안시,방문목욕,입장한옥실버센터,충청남도 천안시 서북구 입장면 하장4길  45 c동1층 (입장면),041-588-3864
천안시,방문요양,입장한옥실버센터,충청남도 천안시 서북구 입장면 하장4길  45 c동1층 (입장면),041-588-3864
천안시,방문목욕,아가페재가복지센터,충청남도 천안시 동남구 청당산업길  76 302호 (구룡동),070-4042-9182
천안시,방문요양,아가페재가복지센터,충청남도 천안시 동남구 청당산업길  76 302호 (구룡동),070-4042-9182
천안시,방문목욕,천안도우누리재가노인복지센터,"충청남도 천안시 동남구 다가말2길  86-1 B1, F1, F2층 (다가동)",041-417-0350
천안시,방문요양,천안도우누리재가노인복지센터,"충청남도 천안시 동남구 다가말2길  86-1 B1, F1, F2층 (다가동)",041-417-0350
천안시,복지용구,천안도우누리재가노인복지센터,"충청남도 천안시 동남구 다가말2길  86-1 B1, F1, F2층 (다가동)",041-417-0350
천안시,방문간호,천안재가복지센터,충청남도 천안시 동남구 영성로  30 2층 (영성동),041-571-2800
천안시,방문목욕,천안재가복지센터,충청남도 천안시 동남구 영성로  30 2층 (영성동),041-571-2800
천안시,방문요양,천안재가복지센터,충청남도 천안시 동남구 영성로  30 2층 (영성동),041-571-2800
천안시,방문목욕,으뜸재가복지센터,충청남도 천안시 동남구 원거리9길  20-1 2층 (원성동),041-561-8809
천안시,방문요양,으뜸재가복지센터,충청남도 천안시 동남구 원거리9길  20-1 2층 (원성동),041-561-8809
천안시,방문목욕,효드림재가복지센터,충청남도 천안시 서북구 성환읍 성환중앙로  55 1층 (성환읍),041-904-7321
천안시,방문요양,효드림재가복지센터,충청남도 천안시 서북구 성환읍 성환중앙로  55 1층 (성환읍),041-904-7321
천안시,방문목욕,다솜재가복지센터,충청남도 천안시 서북구 성환읍 성환중앙로  36 (성환읍),041-585-7778
천안시,방문요양,다솜재가복지센터,충청남도 천안시 서북구 성환읍 성환중앙로  36 (성환읍),041-585-7778
천안시,방문요양,에덴재가복지센터,충청남도 천안시 서북구 봉정로  195 405호 (성정동),041-417-0318
천안시,방문요양,두드림복지재가센터,충청남도 천안시 서북구 서부대로  602 105호 (성정동),041-577-7916
천안시,방문요양,충청남도여성가족청소년사회서비스원 충남동부돌봄센터,충청남도 천안시 동남구 대흥로  292 2층 (성황동),041-555-5593
천안시,방문요양,해맑음재가장기요양센터,"충청남도 천안시 동남구 목천읍 신계1길  41 107호 (목천읍, 동우아파트 상가)",041-551-7772
천안시,방문목욕,바른재가복지센터,충청남도 천안시 동남구 신부15길  15 3층301호 (신부동),070-8183-1800
천안시,방문요양,바른재가복지센터,충청남도 천안시 동남구 신부15길  15 3층301호 (신부동),070-8183-1800
천안시,방문요양,감동재가센터,충청남도 천안시 서북구 직산읍 봉주로  13 106호 (직산읍),041-582-6858
천안시,방문요양,한빛방문요양복지센터,충청남도 천안시 서북구 월봉로  38 3014호 (쌍용동),041-573-3355
천안시,방문요양,희망재가노인복지센터,"충청남도 천안시 동남구 신원3길  34 1동103호 (신부동, 극동아파트)",041-553-6594
천안시,방문목욕,천안제일방문요양센터,충청남도 천안시 서북구 두정중5길  54-8 1층 (두정동),041-553-2646
천안시,방문요양,천안제일방문요양센터,충청남도 천안시 서북구 두정중5길  54-8 1층 (두정동),041-553-2646
천안시,방문목욕,미소재가방문요양센터,충청남도 천안시 동남구 충절로  282 203호 (구성동),041-551-5333
천안시,방문요양,미소재가방문요양센터,충청남도 천안시 동남구 충절로  282 203호 (구성동),041-551-5333
천안시,방문요양,남서울노인주간보호센터,충청남도 천안시 서북구 성환읍 성환12길  31 (성환읍),041-587-0012
천안시,방문요양,입장노인복지센터,"충청남도 천안시 서북구 입장면 하장4길  45 A동1,2층 (입장면)",041-588-3864
천안시,방문요양,행복한재가복지센터,충청남도 천안시 동남구 원성18길  5-1 1층 (원성동),041-553-4848
천안시,방문요양,더행복한 재가노인복지센터,충청남도 천안시 동남구 통정9로  32 401호 (신방동),041-576-2010
천안시,방문목욕,`+새롬요양원병설 새롬재가노인복지센터,충청남도 천안시 서북구 신당새터2길  48 (신당동),041-585-3434
천안시,방문요양,#NAME?,충청남도 천안시 서북구 신당새터2길  48 (신당동),041-585-3434
천안시,방문요양,아름다운동행요양원 병설 재가복지센터,충청남도 천안시 서북구 성거읍 오송1길  20 (성거읍),041-622-9005
천안시,방문목욕,두리방문요양센터,충청남도 천안시 서북구 쌍용11길  58 308동1401호 (쌍용동),041-565-3255
천안시,방문요양,두리방문요양센터,충청남도 천안시 서북구 쌍용11길  58 308동1401호 (쌍용동),041-565-3255
천안시,복지용구,제일메디컬,충청남도 천안시 동남구 성남면 석곡3길  8 1층103호 (성남면),041-553-3524
천안시,방문목욕,인케어 재가복지센터,"충청남도 천안시 서북구 성정로  82 2층 (성정동, 후생빌딩, 사랑의메디칼의원)",041-571-8291
천안시,방문요양,인케어 재가복지센터,"충청남도 천안시 서북구 성정로  82 2층 (성정동, 후생빌딩, 사랑의메디칼의원)",041-571-8291
천안시,방문목욕,봄날 방문요양복지센터,"충청남도 천안시 동남구 신촌4로  16 상가1동2층205-4호 (신방동, 초원그린타운)",041-577-7749
천안시,방문요양,봄날 방문요양복지센터,"충청남도 천안시 동남구 신촌4로  16 상가1동2층205-4호 (신방동, 초원그린타운)",041-577-7749
천안시,복지용구,효드림복지용구센터,충청남도 천안시 서북구 성환읍 성환중앙로  35 (성환읍),041-581-0110
천안시,방문요양,누리온재가복지센터,충청남도 천안시 동남구 통정9로  76 201호 (신방동),041-577-6589
천안시,방문요양,충남빛나재가요양센터,충청남도 천안시 서북구 성거읍 소댕이3길  60-5 (성거읍),041-548-0902
천안시,복지용구,충남빛나재가요양센터,충청남도 천안시 서북구 성거읍 소댕이3길  60-5 (성거읍),041-548-0902
천안시,방문요양,올리사랑 재가복지센터,"충청남도 천안시 동남구 신촌4로  42 2층236호 (신방동, 신방현대프라자)",041-576-3335
천안시,방문목욕,라온노인복지센터,충청남도 천안시 동남구 통정5로  7 (신방동),0507-1418-3351
천안시,방문요양,라온노인복지센터,충청남도 천안시 동남구 통정5로  7 (신방동),0507-1418-3351
천안시,방문요양,굿데이방문요양센터,충청남도 천안시 동남구 새말4길  5 상가2동106호 (신방동),041-576-9944
천안시,복지용구,서원의료기,충청남도 천안시 동남구 풍세면 미죽로  9 1층 (풍세면),041-621-1919
천안시,방문목욕,(A)비지팅엔젤스 천안서북방문요양지점,"충청남도 천안시 서북구 백석로  136 2층9호 (백석동, 현대아파트단지)",041-552-7963
천안시,방문요양,(A)비지팅엔젤스 천안서북방문요양지점,"충청남도 천안시 서북구 백석로  136 2층9호 (백석동, 현대아파트단지)",041-552-7963
천안시,방문요양,다온재가복지센터,충청남도 천안시 서북구 서부대로  319-4 303호 (쌍용동),041-575-5701
천안시,방문요양,엘림방문요양센터,충청남도 천안시 서북구 백석3로  131 401호 (백석동),041-553-0305
천안시,방문목욕,해솔방문요양센터,충청남도 천안시 서북구 쌍용16길  24-1 (쌍용동),041-578-8894
천안시,방문요양,해솔방문요양센터,충청남도 천안시 서북구 쌍용16길  24-1 (쌍용동),041-578-8894
천안시,방문목욕,늘푸른청춘 노인복지센터,충청남도 천안시 동남구 원거리11길  52 (원성동),041-551-7202
천안시,방문요양,늘푸른청춘 노인복지센터,충청남도 천안시 동남구 원거리11길  52 (원성동),041-551-7202
천안시,방문요양,시니어사랑방문요양센터,"충청남도 천안시 서북구 월봉7길  49 2층223호 (쌍용동, 효명 리치빌)",041-575-7651
천안시,방문간호,굿굿 재가노인복지센터,충청남도 천안시 서북구 양지10길  62-5 2층201호 (성정동),041-574-8455
천안시,방문목욕,굿굿 재가노인복지센터,충청남도 천안시 서북구 양지10길  62-5 2층201호 (성정동),041-574-8455
천안시,방문요양,굿굿 재가노인복지센터,충청남도 천안시 서북구 양지10길  62-5 2층201호 (성정동),041-574-8455
천안시,방문목욕,나눔의손재가노인복지센터,충청남도 천안시 동남구 목천읍 충절로  820 2층 (목천읍),041-574-0551
천안시,방문요양,나눔의손재가노인복지센터,충청남도 천안시 동남구 목천읍 충절로  820 2층 (목천읍),041-574-0551
천안시,방문요양,꿈터재가노인복지센터,충청남도 천안시 동남구 문화1길  11 2층 (문화동),041-569-3338
천안시,방문목욕,"샬롬노인복지센터(방문요양, 방문목욕)","충청남도 천안시 서북구 월봉4로  140-16 상가동 2층208호 (쌍용동, 월봉벽산태영아파트)",041-592-6697
천안시,방문요양,"샬롬노인복지센터(방문요양, 방문목욕)","충청남도 천안시 서북구 월봉4로  140-16 상가동 2층208호 (쌍용동, 월봉벽산태영아파트)",041-592-6697
천안시,방문요양,동천안재가복지센터,"충청남도 천안시 동남구 대흥로  145 8층 (사직동, 동천안빌딩)",041-558-1269
천안시,방문목욕,더사랑주야간보호센터,충청남도 천안시 동남구 목천읍 목천안터2길  28 1층 (목천읍),041-553-2423
천안시,방문요양,더사랑주야간보호센터,충청남도 천안시 동남구 목천읍 목천안터2길  28 1층 (목천읍),041-553-2423
천안시,방문요양,원케어방문요양센터,충청남도 천안시 서북구 불당10길  20 1층 (불당동),041-567-1284
천안시,방문요양,명품재가노인복지센터,충청남도 천안시 서북구 서부대로  410 2층 (쌍용동),041-578-9100
천안시,복지용구,우정복지용구,충청남도 천안시 동남구 목천읍 남부대로  1012 1층 (목천읍),041-569-8134
천안시,방문목욕,더나음 재가노인복지센터,"충청남도 천안시 동남구 순천향4길  12 1층 (쌍용동, 서원빌딩)",041-573-0760
천안시,방문요양,더나음 재가노인복지센터,"충청남도 천안시 동남구 순천향4길  12 1층 (쌍용동, 서원빌딩)",041-573-0760
천안시,방문목욕,실버브릿지 재가복지센터,충청남도 천안시 동남구 목천읍 충절로  817 2층 (목천읍),041-523-2224
천안시,방문요양,실버브릿지 재가복지센터,충청남도 천안시 동남구 목천읍 충절로  817 2층 (목천읍),041-523-2224
천안시,방문요양,아주나 어르신 주야간보호센터ㆍ방문요양,충청남도 천안시 동남구 다가2길  39 (다가동),041-571-8253
천안시,방문목욕,가나안방문요양센터,충청남도 천안시 서북구 성환읍 성환중앙로  72 1층 (성환읍),041-901-9292
천안시,방문요양,가나안방문요양센터,충청남도 천안시 서북구 성환읍 성환중앙로  72 1층 (성환읍),041-901-9292
천안시,방문목욕,정다운재가복지센터,충청남도 천안시 서북구 쌍용7길  11 1층101호 (쌍용동),041-903-5933
천안시,방문요양,정다운재가복지센터,충청남도 천안시 서북구 쌍용7길  11 1층101호 (쌍용동),041-903-5933
천안시,재가노인지원서비스,천안시노인종합복지관부설 천안노인복지센터,충청남도 천안시 서북구 미라11길  16 (쌍용동),041-571-0286
천안시,재가노인지원서비스,성환재가노인복지센터,충청남도 천안시 서북구 성환읍 성환중앙로 24-7,041-581-2242
천안시,재가노인지원서비스,천안신창노인복지센터,"충청남도 천안시 동남구 우영3길 21, 4층 (봉명동)",041-575-7501
천안시,재가노인지원서비스,아우내은빛복지관부설아우내노인복지센터,충청남도 천안시 동남구 병천면 병천2로 51,041-556-6652
천안시,재가노인지원서비스,느티나무노인복지센터,충청남도 천안시 동남구 통정7길 5-3 (신방동),041-523-7995
천안시,주야간보호,돌봄노인주간보호센터,충청남도 천안시 서북구 동서대로  110-21 2층 (성정동),041-588-4005
천안시,주야간보호,천안시노인종합복지관부설 천안노인복지센터,충청남도 천안시 서북구 미라11길  16 (쌍용동),041-571-0286
천안시,주야간보호,느티나무노인복지센터,충청남도 천안시 동남구 통정7길  5-3 (신방동),041-523-7995
천안시,주야간보호,천안고향의집병설재가노인복지센터,충청남도 천안시 동남구 우영3길  21 (봉명동),041-574-7501
천안시,주야간보호,남천안노인요양원병설재가노인복지센터,충청남도 천안시 동남구 광덕면 차령로  4267 (광덕면),041-575-7518
천안시,주야간보호,북천안요양원부설주야간보호센터,충청남도 천안시 서북구 성환읍 성월수향길  30 (성환읍),041-585-0591
천안시,주야간보호,아우내은빛복지관부설아우내노인복지센터,충청남도 천안시 동남구 병천면 병천2로  57 (병천면),041-556-6652
천안시,주야간보호,우리노인주간보호센터,충청남도 천안시 동남구 목천읍 신계1길  23 (목천읍),041-555-0330
천안시,주야간보호,천안구구팔팔주간보호센터,충청남도 천안시 서북구 월봉11길  20 403호 (쌍용동),041-572-9980
천안시,주야간보호,참조은요양원병설주간보호센터,충청남도 천안시 서북구 동서대로  110-21 3층 (성정동),041-575-0050
천안시,주야간보호,참사랑복지센터,충청남도 천안시 서북구 성환읍 대학로  26 (성환읍),041-582-0560
천안시,주야간보호,한빛재활주간보호센터,"충청남도 천안시 서북구 두정로  210 6층 (두정동, 서올빌딩)",041-566-2547
천안시,주야간보호,아성재가노인복지센터,충청남도 천안시 동남구 양지말2길  22 (유량동),041-552-3672
천안시,주야간보호,으뜸재활주간보호센터,충청남도 천안시 동남구 서부대로  257-13 301호 (신방동),041-574-3111
천안시,주야간보호,사랑방노인복지센터,충청남도 천안시 서북구 입장면 성진로  794 (입장면),041-583-9917
천안시,주야간보호,#NAME?,충청남도 천안시 동남구 통정1로  38-17 2층 (신방동),041-578-1605
천안시,주야간보호,천안도우누리재가노인복지센터,"충청남도 천안시 동남구 다가말2길  86-1 B1, F1, F2층 (다가동)",041-417-0350
천안시,주야간보호,늘푸른요양원1병설주야간보호센터,충청남도 천안시 서북구 늘푸른3길  7-1 201호 (두정동),041-587-9988
천안시,주야간보호,늘푸른주간보호센터,충청남도 천안시 서북구 성정공원5로  7 2층 (성정동),041-554-8879
천안시,주야간보호,명품재활주야간보호센터,"충청남도 천안시 서북구 양지10길  67 2,3층 (성정동)",041-572-7780
천안시,주야간보호,효어르신주간보호센터,충청남도 천안시 서북구 천안천6길  27 (성정동),041-578-9933
천안시,주야간보호,웰케어천안주간보호센터,"충청남도 천안시 서북구 서부대로  413 (쌍용동, 천안컨벤션센터 별관 3층)",041-579-9101
천안시,주야간보호,행복드림주야간보호,충청남도 천안시 동남구 양지2길  28 (봉명동),041-418-3275
천안시,주야간보호,풍세노인주야간보호센터,충청남도 천안시 동남구 풍세면 하정길  31-3 (풍세면),041-557-8090
천안시,주야간보호,천안365주간보호,충청남도 천안시 서북구 오성로  107 403호 (두정동),041-1668-0440
천안시,주야간보호,퍼스트주간보호센터,충청남도 천안시 서북구 신당새터2길  71 (신당동),041-551-7707
천안시,주야간보호,일등요양원 병설 주간보호센터,충청남도 천안시 서북구 직산읍 삼은2길  22-5 (직산읍),041-585-0111
천안시,주야간보호,아가페 주야간보호센터,충청남도 천안시 동남구 청당산업길  76 2층 (구룡동),041-578-2412
천안시,주야간보호,남서울노인주간보호센터,충청남도 천안시 서북구 성환읍 성환12길  31 (성환읍),041-587-0012
천안시,주야간보호,입장노인복지센터,"충청남도 천안시 서북구 입장면 하장4길  45 A동1,2층 (입장면)",041-588-3864
천안시,주야간보호,사회복지법인 삼일복지재단 라온하제 주야간보호센터,충청남도 천안시 서북구 쌍용15길  86 (쌍용동),041-572-9339
천안시,주야간보호,중앙노인재가복지센터,충청남도 천안시 서북구 부대중앙길  28 (부대동),041-523-5423
천안시,주야간보호,가족사랑노인복지센터,충청남도 천안시 서북구 성거읍 문성1길  69-13 (성거읍),041-551-9988
천안시,주야간보호,천안노인주간보호센터,"충청남도 천안시 서북구 한들1로  55-29 2층 (백석동, 한울빌딩)",041-567-8259
천안시,주야간보호,은솔노인주간보호센터,충청남도 천안시 동남구 다가13길  7 (다가동),041-574-6300
천안시,주야간보호,꽃보다노인주간보호센터,충청남도 천안시 서북구 성환읍 성환9길  9 2층202호 (성환읍),041-900-1138
천안시,주야간보호,더 동행 주간보호센터,충청남도 천안시 동남구 봉명2길  27 4층 (봉명동),041-414-8890
천안시,주야간보호,청당더봄노인주간보호센터,충청남도 천안시 동남구 청수11로  24 4층401호 (청당동),041-522-7998
천안시,주야간보호,더사랑주야간보호센터,충청남도 천안시 동남구 목천읍 목천안터2길  28 1층 (목천읍),041-553-2423
천안시,주야간보호,아주나 어르신 주야간보호센터ㆍ방문요양,충청남도 천안시 동남구 다가2길  39 (다가동),041-571-8253
공주시,재가노인지원서비스,도덕노인복지센터,충청남도 공주시 정안면 정안중앙길  182 (정안면),041-854-9054
공주시,재가노인지원서비스,공주노인복지센터,충청남도 공주시 한적2길 41-20(금흥동),041-856-3695
공주시,방문목욕,공주기쁨노인복지센터,충청남도 공주시 백제문화로  2125-3 (웅진동),041-854-1091
공주시,방문요양,공주기쁨노인복지센터,충청남도 공주시 백제문화로  2125-3 (웅진동),041-854-1091
공주시,방문목욕,도덕노인복지센터,충청남도 공주시 정안면 정안중앙길  182 (정안면),041-854-9054
공주시,방문요양,도덕노인복지센터,충청남도 공주시 정안면 정안중앙길  182 (정안면),041-854-9054
공주시,방문요양,공주9988 주간보호센터,충청남도 공주시 신관로  69-11 3층 (신관동),041-855-9988
공주시,방문목욕,금빛노인복지센터,충청남도 공주시 한적2길  5 1층 (신관동),041-854-5631
공주시,방문요양,금빛노인복지센터,충청남도 공주시 한적2길  5 1층 (신관동),041-854-5631
공주시,방문요양,하늘방문요양센터,충청남도 공주시 번영1로  154 202호 (신관동),041-858-8266
공주시,방문목욕,공주실버랜드방문요양센터,충청남도 공주시 계룡면 전진배길  27 (계룡면),041-858-9101
공주시,방문요양,공주실버랜드방문요양센터,충청남도 공주시 계룡면 전진배길  27 (계룡면),041-858-9101
공주시,방문목욕,은혜노인복지센터,충청남도 공주시 계룡면 영규대사로  101-3 (계룡면),041-856-8890
공주시,방문요양,은혜노인복지센터,충청남도 공주시 계룡면 영규대사로  101-3 (계룡면),041-856-8890
공주시,방문목욕,믿음재가노인복지센터,충청남도 공주시 한적1길  8-25 (신관동),041-854-9055
공주시,방문요양,믿음재가노인복지센터,충청남도 공주시 한적1길  8-25 (신관동),041-854-9055
공주시,방문요양,더조은노인요양센터,충청남도 공주시 번영1로  47 202호 (신관동),041-853-2452
공주시,방문요양,백세청춘재가노인복지센터,충청남도 공주시 유구읍 유구마곡사로  10-1 (유구읍),041-841-5027
공주시,방문요양,무지개방문요양센터,충청남도 공주시 무령로  235 1층 (산성동),041-400-7474
공주시,방문목욕,공주통합돌봄센터,충청남도 공주시 공주대학로  17-20 1층 (신관동),041-858-0858
공주시,방문요양,공주통합돌봄센터,충청남도 공주시 공주대학로  17-20 1층 (신관동),041-858-0858
공주시,복지용구,웅진대성의료기,충청남도 공주시 웅진로  118 1층 (중학동),041-853-7674
공주시,방문목욕,공주요양센터,충청남도 공주시 공주대학로  17-20 (신관동),041-852-6501
공주시,방문요양,공주요양센터,충청남도 공주시 공주대학로  17-20 (신관동),041-852-6501
공주시,방문요양,더드림방문요양센터,충청남도 공주시 사곡면 마곡사로  83 1층 (사곡면),041-841-0077
공주시,방문목욕,나린아토방문요양센터,충청남도 공주시 주미길  48 201호 (주미동),041-852-1333
공주시,방문요양,나린아토방문요양센터,충청남도 공주시 주미길  48 201호 (주미동),041-852-1333
공주시,방문간호,양남식방문간호센터,충청남도 공주시 관골1길  38 1층 (신관동),041-856-1000
공주시,방문목욕,양남식방문간호센터,충청남도 공주시 관골1길  38 1층 (신관동),041-856-1000
공주시,방문요양,양남식방문간호센터,충청남도 공주시 관골1길  38 1층 (신관동),041-856-1000
공주시,방문요양,하융노인요양센터,"충청남도 공주시 먹자2길  1 1,2층 (중동)",041-960-0064
공주시,방문목욕,우리재가노인복지센터,충청남도 공주시 무령로  304 2층 (옥룡동),041-961-5004
공주시,방문요양,우리재가노인복지센터,충청남도 공주시 무령로  304 2층 (옥룡동),041-961-5004
공주시,주야간보호,금강노인복지센터,충청남도 공주시 산성시장5길  101 (금성동),041-856-3606
공주시,주야간보호,평안데이케어센터,충청남도 공주시 무령로  299 (옥룡동),041-852-2121
공주시,주야간보호,공주실버랜드주간보호센터,충청남도 공주시 계룡면 전진배길  27 (계룡면),041-858-9103
공주시,주야간보호,로뎀주간보호센터,충청남도 공주시 대통1길  20 (봉황동),041-855-3243
공주시,주야간보호,공주효재가노인복지센터,충청남도 공주시 이인면 검바위로  1 (이인면),041-852-5629
공주시,주야간보호,큰사랑 주간보호센터,충청남도 공주시 무령로  257 2층 (산성동),041-854-2827
공주시,주야간보호,공주9988 주간보호센터,충청남도 공주시 신관로  69-11 3층 (신관동),041-855-9988
공주시,주야간보호,공주삼성주간보호센터,충청남도 공주시 웅진로  186 3층 (산성동),041-400-8852
공주시,주야간보호,공주노인주간보호센터,충청남도 공주시 무령로  599-57 104~106호 (금흥동),041-855-2200
보령시,방문요양,(주)늘푸른복지센터,충청남도 보령시 큰오랏7길  14 2층 (동대동),041-932-6080
보령시,방문목욕,(주)늘푸른복지센터,충청남도 보령시 큰오랏7길  14 2층 (동대동),041-932-6080
보령시,방문목욕,보령통합돌봄복지센터,충청남도 보령시 신설2길  83 2층 (동대동),041-934-7377
보령시,방문요양,보령통합돌봄복지센터,충청남도 보령시 신설2길  83 2층 (동대동),041-934-7377
보령시,방문요양,만세보령노인복지센터,"충청남도 보령시 주공로  65 206호 (명천동, 주공3차아파트 상가)",041-935-4998
보령시,방문목욕,은혜재가복지센터,"충청남도 보령시 주공로  50 203호 (명천동, 명천2차주공아파트 상가)",041-936-1515
보령시,방문요양,은혜재가복지센터,"충청남도 보령시 주공로  50 203호 (명천동, 명천2차주공아파트 상가)",041-936-1515
보령시,방문목욕,실버플러스보령복지센터,충청남도 보령시 중앙로  235 2호 (대천동),041-931-1833
보령시,방문요양,실버플러스보령복지센터,충청남도 보령시 중앙로  235 2호 (대천동),041-931-1833
보령시,방문목욕,행복방문요양센터,충청남도 보령시 웅천읍 장마큰길  23-35 (웅천읍),041-934-5644
보령시,방문요양,행복방문요양센터,충청남도 보령시 웅천읍 장마큰길  23-35 (웅천읍),041-934-5644
보령시,방문요양,동고동락재가복지센터,충청남도 보령시 주교면 울계큰길  385 2층2호 (주교면),041-927-2209
보령시,방문목욕,(주)나눔복지센터,충청남도 보령시 주공로  13 4층 (동대동),041-933-5680
보령시,방문요양,(주)나눔복지센터,충청남도 보령시 주공로  13 4층 (동대동),041-933-5680
보령시,방문목욕,가온재가복지센터,충남 보령시 큰오랏6길18 2층,041-934-5786
보령시,방문요양,가온재가복지센터,충남 보령시 큰오랏6길18 2층,041-934-5786
보령시,복지용구,가온재가복지센터,충남 보령시 큰오랏6길18 2층,041-934-5786
보령시,방문요양,사회복지법인 효드림 데이케어센터,충청남도 보령시 남대천로  75 (대천동),041-936-8097
보령시,방문요양,효사랑재가복지센터,충청남도 보령시 큰오랏6길  59 (동대동),041-936-8466
보령시,복지용구,효사랑재가복지센터,충청남도 보령시 큰오랏6길  59 (동대동),041-936-8466
보령시,방문요양,주산재가노인복지센터,충청남도 보령시 주산면 충서로  405 (주산면),041-933-6755
보령시,방문목욕,으뜸방문요양센터,충청남도 보령시 대흥로  83 (대천동),041-931-5847
보령시,방문요양,으뜸방문요양센터,충청남도 보령시 대흥로  83 (대천동),041-931-5847
보령시,방문요양,가평재가복지센터,"충청남도 보령시 봉황로  118 209호 (죽정동, 대우아파트 상가)",041-931-1857
보령시,방문요양,인당재가방문요양센터,충청남도 보령시 신평4길  4 (대천동),041-935-1586
보령시,방문목욕,한아름재가복지센터,충청남도 보령시 웅천읍 충서로  1225 (웅천읍),041-933-6988
보령시,방문요양,한아름재가복지센터,충청남도 보령시 웅천읍 충서로  1225 (웅천읍),041-933-6988
보령시,방문목욕,열린재가복지센터,충청남도 보령시 남포면 충서로  1839-21 (남포면),041-934-9088
보령시,방문요양,열린재가복지센터,충청남도 보령시 남포면 충서로  1839-21 (남포면),041-934-9088
보령시,방문목욕,사랑재가노인복지센터,충청남도 보령시 중앙로  212 (대천동),041-936-9541
보령시,방문요양,사랑재가노인복지센터,충청남도 보령시 중앙로  212 (대천동),041-936-9541
보령시,방문요양,늘사랑노인복지센터,충청남도 보령시 봉황로  72-6 102호 (죽정동),041-931-5797
보령시,방문요양,미소로방문요양센터,충청남도 보령시 웅천읍 장터중앙길  133-5 (웅천읍),041-935-2988
보령시,방문요양,소망관재가복지센터,충청남도 보령시 남대천로  18 A동2층 (대천동),041-931-3378
보령시,방문목욕,(주)효심재가복지센터,충청남도 보령시 지장골길  158 1층4호 (죽정동),041-936-7357
보령시,방문요양,(주)효심재가복지센터,충청남도 보령시 지장골길  158 1층4호 (죽정동),041-936-7357
보령시,복지용구,동부의료기복지용구,충청남도 보령시 해태로1길  21 (대천동),041-934-9987
보령시,주야간보호,대천주.야간주간보호,충청남도 보령시 희망2길  39 (동대동),041-932-1800
보령시,주야간보호,(주)나눔복지센터,충청남도 보령시 주공로  13 4층 (동대동),041-933-5680
보령시,주야간보호,사회복지법인 효드림 데이케어센터,충청남도 보령시 남대천로  75 (대천동),041-936-8097
보령시,주야간보호,브라보실버주야간보호센터,충청남도 보령시 청소면 송덕신송길  337-60 (청소면),041-933-1337
보령시,주야간보호,금빛사랑 주야간보호센터,충청남도 보령시 한내로  187 (명천동),041-931-0317
보령시,주야간보호,세티아주야간보호센터,충청남도 보령시 송정3길  14 (명천동),041-935-9985
보령시,재가노인지원서비스,보령노인복지센터,충남 보령시 대천로 113,041-931-7680
아산시,재가노인지원서비스,온양노인복지센터,충청남도 아산시 모종로  110 (모종동),041-543-4411
아산시,방문목욕,아산노인복지센터,충청남도 아산시 도고면 도고면로147번길  15 (도고면),041-544-7775
아산시,방문요양,아산노인복지센터,충청남도 아산시 도고면 도고면로147번길  15 (도고면),041-544-7775
아산시,방문간호,나눔케어,충청남도 아산시 청운로84번길  15 2층 (온천동),041-544-4328
아산시,방문목욕,나눔케어,충청남도 아산시 청운로84번길  15 2층 (온천동),041-544-4328
아산시,방문요양,나눔케어,충청남도 아산시 청운로84번길  15 2층 (온천동),041-544-4328
아산시,방문목욕,행복노인복지센터,충청남도 아산시 둔포면 충무로  1299 (둔포면),041-544-6691
아산시,방문요양,행복노인복지센터,충청남도 아산시 둔포면 충무로  1299 (둔포면),041-544-6691
아산시,방문요양,아산충무노인주간보호센터,"충청남도 아산시 시민로  294 4층402호 (용화동, 광염빌딩)",041-532-3600
아산시,방문요양,우리집주간보호센터,충청남도 아산시 시민로  225-9 (용화동),041-545-4670
아산시,방문요양,돌봄나래노인재가복지센터,충청남도 아산시 온주길16번길  20 (읍내동),041-542-7100
아산시,방문요양,아산실버주간보호센터,충청남도 아산시 무궁화로  11-6 (신인동),041-541-8300
아산시,방문목욕,사랑재가 노인복지센터,충청남도 아산시 어의정로31번길  7 1층102호 (온천동),041-541-3064
아산시,방문요양,사랑재가 노인복지센터,충청남도 아산시 어의정로31번길  7 1층102호 (온천동),041-541-3064
아산시,방문목욕,해바라기방문요양센터,"충청남도 아산시 고불로  669 316호 (좌부동, 초원설화타운(2단지))",041-549-2333
아산시,방문요양,해바라기방문요양센터,"충청남도 아산시 고불로  669 316호 (좌부동, 초원설화타운(2단지))",041-549-2333
아산시,방문요양,실버스쿨노인복지센터,충청남도 아산시 탕정면 탕정면로  141-1 3층 (탕정면),041-541-9888
아산시,방문요양,아산재가복지센터,충청남도 아산시 용화로47번길  12-2 2층201호 (온천동),041-531-7877
아산시,방문요양,기쁨재가방문요양센터,충청남도 아산시 온천대로  1105-17 2층206호 (득산동),041-546-7890
아산시,방문목욕,쉴가케어 방문요양센터,충청남도 아산시 온화로  47 1층 (온천동),041-546-2063
아산시,방문요양,쉴가케어 방문요양센터,충청남도 아산시 온화로  47 1층 (온천동),041-546-2063
아산시,방문요양,한빛방문요양센터,충청남도 아산시 번영로  33 102호 (실옥동),041-545-3532
아산시,방문목욕,별임재가복지센터,충청남도 아산시 어의정로31번길  14 (온천동),041-534-3348
아산시,방문요양,별임재가복지센터,충청남도 아산시 어의정로31번길  14 (온천동),041-534-3348
아산시,방문요양,두리재가복지센터,"충청남도 아산시 신창면 남성길  99 207호 (신창면, 샘마을 상가)",041-533-1345
아산시,방문간호,선한사랑 돌봄센터(GOOD LOVE CARE CENTER),충청남도 아산시 중앙로  55 5층501호 (온천동),041-533-3667
아산시,방문요양,선한사랑 돌봄센터(GOOD LOVE CARE CENTER),충청남도 아산시 중앙로  55 5층501호 (온천동),041-533-3667
아산시,방문요양,선도 재가복지센터,충청남도 아산시 도고면 아산만로  210 (도고면),041-549-1230
아산시,방문목욕,A+행복한방문목욕,충청남도 아산시 충무로  49 405호 (온천동),041-544-4279
아산시,방문목욕,늘평안재가복지센터,충청남도 아산시 시민로  380 지하1층 (온천동),041-548-7077
아산시,방문요양,늘평안재가복지센터,충청남도 아산시 시민로  380 지하1층 (온천동),041-548-7077
아산시,방문요양,찾아가는 돌봄센터,"충청남도 아산시 온화로 65번길17, 1층 102호",041-547-1533
아산시,방문목욕,감사재가복지센터,"충청남도 아산시 신창면 온천대로  984 상가동2층209호 (신창면, 아산 코아루 에듀파크 아파트)",041-549-9942
아산시,방문요양,감사재가복지센터,"충청남도 아산시 신창면 온천대로  984 상가동2층209호 (신창면, 아산 코아루 에듀파크 아파트)",041-549-9942
아산시,방문목욕,한울재가복지센터,충청남도 아산시 배방읍 북수로111번길  6-4 202-2호 (배방읍),041-546-2033
아산시,방문요양,한울재가복지센터,충청남도 아산시 배방읍 북수로111번길  6-4 202-2호 (배방읍),041-546-2033
아산시,복지용구,뉴데이 복지용구,충청남도 아산시 배방읍 모산로  38-11 115동 202호동 (배방읍),041-546-1664
아산시,방문요양,온미소재가복지센터,충청남도 아산시 배방읍 배방로14번길  89-3 무지개빌동1층 (배방읍),041-549-4119
아산시,방문목욕,엘림재가복지센터,충청남도 아산시 둔포면 둔포중앙로171번길  97 3층302호 (둔포면),041-531-9767
아산시,방문요양,엘림재가복지센터,충청남도 아산시 둔포면 둔포중앙로171번길  97 3층302호 (둔포면),041-531-9767
아산시,방문목욕,행복드림재가노인복지센터,충청남도 아산시 배방읍 모산로  103 8층 (배방읍),041-549-8293
아산시,방문요양,행복드림재가노인복지센터,충청남도 아산시 배방읍 모산로  103 8층 (배방읍),041-549-8293
아산시,방문간호,우리동네 나이팅게일 재가복지센터,충청남도 아산시 온천대로  1526 201호 (온천동),041-427-6599
아산시,방문목욕,우리동네 나이팅게일 재가복지센터,충청남도 아산시 온천대로  1526 201호 (온천동),041-427-6599
아산시,방문요양,우리동네 나이팅게일 재가복지센터,충청남도 아산시 온천대로  1526 201호 (온천동),041-427-6599
아산시,방문목욕,인주방문요양센터,충청남도 아산시 인주면 걸매길  209-11 (인주면),041-534-2033
아산시,방문요양,인주방문요양센터,충청남도 아산시 인주면 걸매길  209-11 (인주면),041-534-2033
아산시,방문요양,희망나눔재가복지센터,충청남도 아산시 신창면 서부북로  628 (신창면),041-542-2004
아산시,방문요양,우리재가복지센터,충청남도 아산시 방축로  23 3호 (방축동),041-548-6668
아산시,방문목욕,해바라기재가돌봄센터,"충청남도 아산시 어의정로  46 (용화동, 온천마을아파트 118동 B04호)",041-545-9112
아산시,방문요양,해바라기재가돌봄센터,"충청남도 아산시 어의정로  46 (용화동, 온천마을아파트 118동 B04호)",041-545-9112
아산시,방문목욕,보람재가복지센터,"충청남도 아산시 문화로  33-10 (실옥동, 벽산아파트 상가동 2층 202호)",041-427-5605
아산시,방문요양,보람재가복지센터,"충청남도 아산시 문화로  33-10 (실옥동, 벽산아파트 상가동 2층 202호)",041-427-5605
아산시,방문목욕,디딤돌노인복지센터,"충청남도 아산시 시민로208번길  21 (용화동, 1층)",041-549-5997
아산시,방문요양,디딤돌노인복지센터,"충청남도 아산시 시민로208번길  21 (용화동, 1층)",041-549-5997
아산시,방문목욕,아산방문목욕,충청남도 아산시 충무로  49 405호 (온천동),041-549-0010
아산시,방문요양,미소주야간보호센터,충청남도 아산시 온천시문2로  4 1~2층 (온천동),041-545-2306
아산시,방문목욕,도토리재가방문요양센터,충청남도 아산시 배방읍 모산로  22-2 101호 (배방읍),041-541-9191
아산시,방문요양,도토리재가방문요양센터,충청남도 아산시 배방읍 모산로  22-2 101호 (배방읍),041-541-9191
아산시,방문요양,요엘재가복지센터,충청남도 아산시 번영로  228 402호 (모종동),041-542-0307
아산시,방문요양,즐거운재가복지센터,"충청남도 아산시 아산로  78 (온천동, 301-1호)",041-542-9630
아산시,주야간보호,아산노인복지센터,충청남도 아산시 도고면 도고면로147번길  15 (도고면),041-544-7775
아산시,주야간보호,나눔케어,충청남도 아산시 청운로84번길  15 2층 (온천동),041-544-4328
아산시,주야간보호,아산설화주간보호센터,충청남도 아산시 송악면 외암로1166번길  31-6 (송악면),041-534-3313
아산시,주야간보호,온양정애요양원 병설 정애노인복지센터,충청남도 아산시 청운로112번길  23-5 (온천동),041-532-9054
아산시,주야간보호,요셉재가노인복지센터,충청남도 아산시 염치읍 방현동길  92-91 (염치읍),041-547-3427
아산시,주야간보호,배방 효담실버케어스,충청남도 아산시 배방읍 배방로229번길  30-17 (배방읍),041-543-3001
아산시,주야간보호,행복노인복지센터,충청남도 아산시 둔포면 충무로  1299 (둔포면),041-544-6691
아산시,주야간보호,아산충무노인주간보호센터,"충청남도 아산시 시민로  294 4층402호 (용화동, 광염빌딩)",041-532-3600
아산시,주야간보호,우리집주간보호센터,충청남도 아산시 시민로  225-9 (용화동),041-545-4670
아산시,주야간보호,돌봄나래노인재가복지센터,충청남도 아산시 온주길16번길  20 (읍내동),041-542-7100
아산시,주야간보호,배방한가족 노인주간보호센터,충청남도 아산시 배방읍 모산로139번길  16 4층 (배방읍),041-546-0818
아산시,주야간보호,아산실버주간보호센터,충청남도 아산시 무궁화로  11-6 (신인동),041-541-8300
아산시,주야간보호,실버스쿨노인복지센터,충청남도 아산시 탕정면 탕정면로  141-1 3층 (탕정면),041-541-9888
아산시,주야간보호,아산충무노인주간보호센터(실옥점),충청남도 아산시 실옥로 74 (실옥동),041-545-3602
아산시,주야간보호,함께해요 주야간보호센터,충청남도 아산시 염치읍 방현서길36번길  11-5 (염치읍),041-425-2338
아산시,주야간보호,3대가협동조합 예비사회적기업 아산사랑주야돌봄센터,충청남도 아산시 영인면 영인로  14-7 (영인면),041-545-2335
아산시,주야간보호,아산늘봄실버케어주간보호센터,충청남도 아산시 음봉면 산동안길  53-1 (음봉면),041-533-1420
아산시,주야간보호,새순노인주간보호센터,"충청남도 아산시 도고면 온천대로  364 (도고면, 1층)",041-547-1324
아산시,주야간보호,금빛재가주간보호센터,충청남도 아산시 고불로  663 (좌부동),041-548-0777
아산시,주야간보호,미소주야간보호센터,충청남도 아산시 온천시문2로  4 1~2층 (온천동),041-545-2306
아산시,재가노인지원서비스,성공회은혜노인복지센터,충청남도 아산시 충무로 20번길 20(온천동),041-543-2731
아산시,재가노인지원서비스,한울타리노인복지센터,충청남도 아산시 남산로 10,041-544-1407
아산시,재가노인지원서비스,아산노인복지센터,충청남도 아산시 도고면 도고면로147번길  15 (도고면),041-544-7775
서산시,재가노인지원서비스,서산노인복지센터,"충청남도 서산시 지곡면 충의로 762-78, 107동 106호",041-669-9335
서산시,방문목욕,서산노인복지센터,충청남도 서산시 지곡면 도성로  369-7 (지곡면),041-669-9335
서산시,방문요양,서산노인복지센터,충청남도 서산시 지곡면 도성로  369-7 (지곡면),041-669-9335
서산시,방문목욕,엘림재가노인복지센터,충청남도 서산시 쌍연북3길  33 (동문동),041-668-0661
서산시,방문요양,엘림재가노인복지센터,충청남도 서산시 쌍연북3길  33 (동문동),041-668-0661
서산시,방문요양,한울타리노인요양원병설재가복지센터,충청남도 서산시 정주골1길  15 (석림동),041-664-5050
서산시,방문목욕,서산실버빌주간보호센터,충청남도 서산시 갓고개길  156 (갈산동),041-429-3091
서산시,방문요양,서산실버빌주간보호센터,충청남도 서산시 갓고개길  156 (갈산동),041-429-3091
서산시,방문목욕,무지개사회복지종합센터,충청남도 서산시 고운로  33 3층 (읍내동),041-665-5659
서산시,방문요양,무지개사회복지종합센터,충청남도 서산시 고운로  33 3층 (읍내동),041-665-5659
서산시,방문목욕,참조은재활복지센터,"충청남도 서산시 서령로  89 (동문동, 일원프라자 5층)",041-663-0088
서산시,방문요양,참조은재활복지센터,"충청남도 서산시 서령로  89 (동문동, 일원프라자 5층)",041-663-0088
서산시,방문목욕,서산방문요양센터,"충청남도 서산시 율지7로  7 (동문동, 서산 새마을지회 3층)",041-668-2306
서산시,방문요양,서산방문요양센터,"충청남도 서산시 율지7로  7 (동문동, 서산 새마을지회 3층)",041-668-2306
서산시,방문목욕,진달래재가요양센터,"충청남도 서산시 음암면 음암로  499 (음암면, 상가동 103호)",041-681-9895
서산시,방문요양,진달래재가요양센터,"충청남도 서산시 음암면 음암로  499 (음암면, 상가동 103호)",041-681-9895
서산시,방문요양,실버방문요양센터,충청남도 서산시 음암면 두치로  585 (음암면),041-669-1908
서산시,방문요양,효자재가복지센터,충청남도 서산시 해미면 남문4로  11 3층 (해미면),041-688-2589
서산시,방문목욕,스마일복지센터,"충청남도 서산시 향교4로  8-13 205호 (동문동, 현진에버빌)",041-681-6077
서산시,방문요양,스마일복지센터,"충청남도 서산시 향교4로  8-13 205호 (동문동, 현진에버빌)",041-681-6077
서산시,방문목욕,가온누리재가복지센터,충청남도 서산시 율지3로  36 205호 (동문동),041-666-0192
서산시,방문요양,가온누리재가복지센터,충청남도 서산시 율지3로  36 205호 (동문동),041-666-0192
서산시,방문목욕,서산제일재가복지센터,충청남도 서산시 한마음6로  27-1 101호 (석림동),041-666-0811
서산시,방문요양,서산제일재가복지센터,충청남도 서산시 한마음6로  27-1 101호 (석림동),041-666-0811
서산시,방문목욕,동행복지센터,"충청남도 서산시 안견로  365-1 2층 (읍내동, 한빛빌딩)",041-669-4117
서산시,방문요양,동행복지센터,"충청남도 서산시 안견로  365-1 2층 (읍내동, 한빛빌딩)",041-669-4117
서산시,방문목욕,한가족재가복지센터,"충청남도 서산시 덕지천로  60 (석남동, 그린상가 202호)",041-666-1195
서산시,방문요양,한가족재가복지센터,"충청남도 서산시 덕지천로  60 (석남동, 그린상가 202호)",041-666-1195
서산시,복지용구,서산효담복지센터,충청남도 서산시 음암면 상홍가재들길  29-35 (음암면),041-665-7776
서산시,방문목욕,153서산요양센터,충청남도 서산시 인지면 둔산1길  51 (인지면),041-664-1153
서산시,방문요양,153서산요양센터,충청남도 서산시 인지면 둔산1길  51 (인지면),041-664-1153
서산시,방문목욕,서산효사랑재가복지센터,충청남도 서산시 소탐2길  8 (수석동),041-668-8090
서산시,방문요양,서산효사랑재가복지센터,충청남도 서산시 소탐2길  8 (수석동),041-668-8090
서산시,방문목욕,가족사랑방문요양센터,충청남도 서산시 안견로  126 3층 (동문동),041-664-2456
서산시,방문요양,가족사랑방문요양센터,충청남도 서산시 안견로  126 3층 (동문동),041-664-2456
서산시,방문요양,부남재가노인복지센터,충청남도 서산시 부석면 창리2길  4 (부석면),041-662-6630
서산시,방문목욕,복지나라재가서비스원,충청남도 서산시 호수공원1로  34 3층 (예천동),041-669-5351
서산시,방문요양,복지나라재가서비스원,충청남도 서산시 호수공원1로  34 3층 (예천동),041-669-5351
서산시,방문요양,NH동행재가복지센터,충청남도 서산시 해미면 중앙로  1076 (해미면),041-688-4800
서산시,방문목욕,서산성심재가요양센터,충청남도 서산시 한성지2길  40-8 (수석동),041-669-5506
서산시,방문요양,서산성심재가요양센터,충청남도 서산시 한성지2길  40-8 (수석동),041-669-5506
서산시,방문목욕,갯마을재가노인복지센터,충청남도 서산시 팔봉면 범머리길  162 (팔봉면),041-9521-1021
서산시,방문요양,갯마을재가노인복지센터,충청남도 서산시 팔봉면 범머리길  162 (팔봉면),041-9521-1021
서산시,복지용구,용구복지용구,충청남도 서산시 서해로  3577 1층104호 (잠홍동),041-665-6372
서산시,방문목욕,가람재가노인복지센터,충청남도 서산시 대사동4길  9 2층 (동문동),041-669-4477
서산시,방문요양,가람재가노인복지센터,충청남도 서산시 대사동4길  9 2층 (동문동),041-669-4477
서산시,방문목욕,우리들주야간노인복지센터,충청남도 서산시 한성지3로  38 (수석동),041-667-0524
서산시,방문요양,우리들주야간노인복지센터,충청남도 서산시 한성지3로  38 (수석동),041-667-0524
서산시,방문목욕,성은재가복지센터,"충청남도 서산시 음암면 서령로  325-23 116동301호 (음암면, 한성스위트빌 단지내 상가)",041-664-1215
서산시,방문요양,성은재가복지센터,"충청남도 서산시 음암면 서령로  325-23 116동301호 (음암면, 한성스위트빌 단지내 상가)",041-664-1215
서산시,방문요양,서산경희재가복지센터,충청남도 서산시 인지면 화수2길  25-4 (인지면),041-668-2098
서산시,방문요양,서산케어복지센터,충청남도 서산시 양유정5길  12 (읍내동),041-669-6096
서산시,방문목욕,다정한재가노인복지센터,충청남도 서산시 성암1로  58 201호 (읍내동),041-669-7995
서산시,방문요양,다정한재가노인복지센터,충청남도 서산시 성암1로  58 201호 (읍내동),041-669-7995
서산시,방문요양,큰나무재가복지센터,"충청남도 서산시 지곡면 충의로  762-78 103동308호 (지곡면, 늘푸른오스카빌)",041-662-2583
서산시,복지용구,서산의료기복지용구센터,충청남도 서산시 동헌로  24 (석남동),041-665-8103
서산시,방문목욕,더공감방문요양센터,충청남도 서산시 예천1로  72 104호 (예천동),041-666-2722
서산시,방문요양,더공감방문요양센터,충청남도 서산시 예천1로  72 104호 (예천동),041-666-2722
서산시,방문목욕,서산해바라기재가복지센터,충청남도 서산시 음암면 테미산성길  29 (음암면),041-664-3451
서산시,방문요양,서산해바라기재가복지센터,충청남도 서산시 음암면 테미산성길  29 (음암면),041-664-3451
서산시,방문요양,대산재가요양센터,충청남도 서산시 대산읍 충의로  1934 2층 (대산읍),041-663-9506
서산시,방문목욕,고운재가방문요양센터,충청남도 서산시 고운로  249-18 1동 (동문동),041-920-1099
서산시,방문요양,고운재가방문요양센터,충청남도 서산시 고운로  249-18 1동 (동문동),041-920-1099
서산시,방문요양,서산여미재가복지센터,충청남도 서산시 지곡면 충의로  1442 104호 (지곡면),041-665-1145
서산시,방문목욕,서산돌봄재가복지센터,충청남도 서산시 대사동1로  33 (동문동),041-920-7878
서산시,방문요양,서산돌봄재가복지센터,충청남도 서산시 대사동1로  33 (동문동),041-920-7878
서산시,방문요양,참사랑재가복지센터,충청남도 서산시 안견로  130 2층 (동문동),041-662-9953
서산시,방문목욕,서산효방문요양센터,충청남도 서산시 석림4로  87 203호 (석림동),041-665-3170
서산시,방문요양,서산효방문요양센터,충청남도 서산시 석림4로  87 203호 (석림동),041-665-3170
서산시,방문요양,(사)한국복지경영진흥원 다원재가복지센터,충청남도 서산시 호수공원1로  14 2층 (예천동),041-681-7750
서산시,주야간보호,엘림재가노인복지센터,충청남도 서산시 쌍연북3길  33 (동문동),041-668-0661
서산시,주야간보호,한울타리노인요양원병설재가복지센터,충청남도 서산시 정주골1길  15 (석림동),041-664-5050
서산시,주야간보호,서산실버빌주간보호센터,충청남도 서산시 갓고개길  156 (갈산동),041-429-3091
서산시,주야간보호,무지개사회복지종합센터,충청남도 서산시 고운로  33 3층 (읍내동),041-665-5659
서산시,주야간보호,참조은재활복지센터,"충청남도 서산시 서령로  89 (동문동, 일원프라자 5층)",041-663-0088
서산시,주야간보호,서산탑노인복지센터,충청남도 서산시 음암면 말목길  263-7 (음암면),041-681-8825
서산시,주야간보호,우슴정원주야간보호센터,충청남도 서산시 인지면 남정3길  16 (인지면),041-665-5672
서산시,주야간보호,서산효담복지센터,충청남도 서산시 음암면 상홍가재들길  29-35 (음암면),041-665-7776
서산시,주야간보호,복지나라재가서비스원,충청남도 서산시 호수공원1로  34 3층 (예천동),041-669-5351
서산시,주야간보호,서산성심재가요양센터,충청남도 서산시 한성지2길  40-8 (수석동),041-669-5506
서산시,주야간보호,우리들주야간노인복지센터,충청남도 서산시 한성지3로  38 (수석동),041-667-0524
서산시,주야간보호,서산해바라기재가복지센터,충청남도 서산시 음암면 테미산성길  29 (음암면),041-664-3451
논산시,재가노인지원서비스,죽림노인복지센터,충청남도 논산시 관촉로 235번길 15-10 1층,041-742-4527
논산시,방문요양,365노인재가복지센터,충청남도 논산시 중앙로 426,041-736-1108
논산시,방문간호,굿실버통합재가센터,충청남도 논산시 강경읍 대흥로  5 2층 (강경읍),041-745-5688
논산시,방문목욕,굿실버통합재가센터,충청남도 논산시 강경읍 대흥로  5 2층 (강경읍),041-745-5688
논산시,방문요양,굿실버통합재가센터,충청남도 논산시 강경읍 대흥로  5 2층 (강경읍),041-745-5688
논산시,방문요양,금강노인복지센터,충청남도 논산시 강경읍 계백로147번길  12-2 (강경읍),041-435-7778
논산시,방문목욕,나라복지센터,충청남도 논산시 성동면 원봉1길 6-1,041-732-3338
논산시,방문요양,나라복지센터,충청남도 논산시 성동면 원봉1길 6-1,041-732-3338
논산시,방문요양,노성어르신복지센터,충청남도 논산시 노성면 노성로  621 (노성면),041-734-0691
논산시,방문목욕,논산노인복지센터,충청남도 논산시 연무읍 안심로 54-1,041-741-3366
논산시,방문요양,논산노인복지센터,충청남도 논산시 연무읍 안심로 54-1,041-741-3366
논산시,방문목욕,논산사랑재가복지센터,충청남도 논산시 시민로  381-1 (취암동),041-733-3310
논산시,방문요양,논산사랑재가복지센터,충청남도 논산시 시민로  381-1 (취암동),041-733-3310
논산시,방문요양,논산행복한주간보호센터,충청남도 논산시 해월로  266-1 3층302호 (반월동),041-732-4200
논산시,방문목욕,다온노인복지센터,충청남도 논산시 연산면 청동리 577번지 1호 ,041-733-8740
논산시,방문요양,다온노인복지센터,충청남도 논산시 연산면 청동리 577번지 1호 ,041-733-8740
논산시,방문목욕,다정한노인복지센터,충남 논산시 중앙로50번길 20,041-734-6788
논산시,방문요양,다정한노인복지센터,충남 논산시 중앙로50번길 20,041-734-6788
논산시,방문목욕,더나은주간보호센터,충청남도 논산시 부창로39,041-733-8832
논산시,방문요양,더나은주간보호센터,충청남도 논산시 부창로39,041-733-8832
논산시,방문요양,더행복한방문요양,충청남도 논산시 연산면 선비로293번길  50-9 (연산면),041-732-5250
논산시,방문요양,백제재가노인복지센터,충청남도 논산시 시민로 294번길 10,041-733-4458
논산시,방문목욕,벌곡사랑방문요양센터, 충청남도 논산시 벌곡면 황룡재로 604,041-733-9088
논산시,방문요양,벌곡사랑방문요양센터, 충청남도 논산시 벌곡면 황룡재로 604,041-733-9088
논산시,방문목욕,보은재가노인복지센터,충청남도 논산시 해월로  188-22 (반월동),041-732-5350
논산시,방문요양,보은재가노인복지센터,충청남도 논산시 해월로  188-22 (반월동),041-732-5350
논산시,방문목욕,성심복지센터,총청남도 논산시 시민로 137-3,041-980-4999
논산시,방문요양,성심복지센터,총청남도 논산시 시민로 137-3,041-980-4999
논산시,방문목욕,성심실버케어센터,충청남도 논산시 연무읍 연무로  191-6 (연무읍),041-980-1995
논산시,방문요양,성심실버케어센터,충청남도 논산시 연무읍 연무로  191-6 (연무읍),041-980-1995
논산시,복지용구,효자메디케어,충청남도 논산시 해월로 211번길 25,041-735-9383
논산시,복지용구,성심실버케어센터,충청남도 논산시 연무읍 연무로  191-6 (연무읍),041-980-1995
논산시,방문목욕,수호천사노인복지센터,"충청남도 논산시 체육로 48-4, 202호",041-732-1197
논산시,방문요양,수호천사노인복지센터,"충청남도 논산시 체육로 48-4, 202호",041-732-1197
논산시,방문요양,어부바재가요양센터,충청남도 논산시 시민로 420,041-733-8281
논산시,방문목욕,엘림노인복지센터,충청남도 논산시 논산대로 269-19,041-732-3358
논산시,방문요양,엘림노인복지센터,충청남도 논산시 논산대로 269-19,041-732-3358
논산시,방문목욕,정다운노인복지센터,충청남도 논산시 채운면 계백로588번길  38-1 (채운면),041-732-1224
논산시,방문요양,정다운노인복지센터,충청남도 논산시 채운면 계백로588번길  38-1 (채운면),041-732-1224
논산시,방문목욕,제일노인복지센터,충청남도 논산시 강경읍 계백로 115-1,041-745-3600
논산시,방문요양,제일노인복지센터,충청남도 논산시 강경읍 계백로 115-1,041-745-3600
논산시,방문간호,효노인통합재가센터,충청남도 논산시 상월면 백일헌로  1057 (상월면),041-733-1403
논산시,방문목욕,효노인통합재가센터,충청남도 논산시 상월면 백일헌로  1057 (상월면),041-733-1404
논산시,방문요양,효노인통합재가센터,충청남도 논산시 상월면 백일헌로  1057 (상월면),041-733-1405
논산시,주야간보호,A+라파엘주간보호센터,충청남도 논산시 연무읍 연무로 113,041-742-6633
논산시,주야간보호,강경사랑주간보호센터,충청남도 논산시 강경읍 옥녀봉로 23번길,041-745-1110
논산시,주야간보호,고향의집병설 고향주간보호센터,충청남도 논산시 강경읍 강경로 66번길 85,041-745-4900
논산시,주야간보호,나라복지센터,충청남도 논산시 성동면 원봉1길 6-1,041-732-3338
논산시,주야간보호,노성어르신복지센터,충청남도 논산시 노성면 노성로  621 (노성면),041-734-0691
논산시,주야간보호,논산노인복지센터,충청남도 논산시 연무읍 안심로 54-1,041-741-3366
논산시,주야간보호,논산행복한주간보호센터,충청남도 논산시 해월로  266-1 3층302호 (반월동),041-732-4200
논산시,주야간보호,더나은주간보호센터,충청남도 논산시 부창로39,041-733-8832
논산시,주야간보호,덕은노인주간보호센터,충청남도 논산시 중앙로 359번길 6-3,041-734-4803
논산시,주야간보호,백제섬김주야간보호센터,"충청남도 논산시 시민로 274, 3층",041-735-9888
논산시,주야간보호,삼성주간보호센터,충청남도 논산시 해월로 95,041-732-2227
논산시,주야간보호,성심복지센터,총청남도 논산시 시민로 137-3,041-980-4999
논산시,주야간보호,성심실버케어센터,충청남도 논산시 연무읍 연무로  191-6 (연무읍),041-980-1995
논산시,주야간보호,송정주야간보호센터,충청남도 논산시 연산면 계백로 2456-7,041-733-0873
논산시,주야간보호,예인주간보호센터,충청남도 논산시 연무읍 연무로343번길 3,041-742-9797
논산시,주야간보호,으뜸주간보호센터,충청남도 논산시 연무읍 평화길  19 (연무읍),041-742-7463
논산시,주야간보호,은총의집주야간보호센터,충청남도 논산시 은진면 원앙로1348번길  100 (은진면),041-733-8542
논산시,주야간보호,좋은이웃주간보호센터,"충청남도 논산시 해월로266-1, 2층",041-733-0065
논산시,주야간보호,한마음케어센터,충청남도 논산시 연산면 계백로  2320-21 (연산면),041-732-9983
논산시,주야간보호,효드림주간보호센터,충청남도 논산시 연무읍 동안로857번길  20-2 (연무읍),041-741-3004
계룡시,단기보호,계룡효재가노인복지센터,충청남도 계룡시 두마면 대둔로  1380-49 2동 (두마면),042-840-5629
계룡시,방문목욕,보배로운 재가복지센터,"충청남도 계룡시 엄사면 번영로  12 (엄사면, 계룡오피스텔 403호)",042-841-0328
계룡시,방문요양,보배로운 재가복지센터,"충청남도 계룡시 엄사면 번영로  12 (엄사면, 계룡오피스텔 403호)",042-841-0328
계룡시,방문목욕,계룡재가주간보호센터,충청남도 계룡시 엄사면 번영8길  8-11 (엄사면),042-551-5266
계룡시,방문요양,계룡재가주간보호센터,충청남도 계룡시 엄사면 번영8길  8-11 (엄사면),042-551-5266
계룡시,방문요양,은빛요양복지센터,충청남도 계룡시 엄사면 엄사중앙로  30 501호 (엄사면),042-841-3138
계룡시,방문목욕,아리야재가복지센터,충청남도 계룡시 엄사면 번영로  12 4층405호 (엄사면),042-551-5116
계룡시,방문요양,아리야재가복지센터,충청남도 계룡시 엄사면 번영로  12 4층405호 (엄사면),042-551-5116
계룡시,주야간보호,계룡효재가노인복지센터,충청남도 계룡시 두마면 대둔로  1380-49 2동 (두마면),042-840-5629
계룡시,주야간보호,계룡재가주간보호센터,충청남도 계룡시 엄사면 번영8길  8-11 (엄사면),042-551-5266
계룡시,주야간보호,부모사랑주야간보호센터,"충청남도 계룡시 서금암로  17 5층503호 (금암동, 은혜로빌딩)",042-551-2342
계룡시,주야간보호,은빛요양복지센터,충청남도 계룡시 엄사면 엄사중앙로  30 501호 (엄사면),042-841-3138
계룡시,주야간보호,계룡효자부모님케어센터,충청남도 계룡시 엄사면 엄사중앙로  110 (엄사면),042-840-9112
당진시,방문목욕,마실노인복지센터,충청남도 당진시 송산면 장갈길  25 (송산면),041-358-7770
당진시,방문요양,마실노인복지센터,충청남도 당진시 송산면 장갈길  25 (송산면),041-358-7770
당진시,방문요양,하음이네방문요양센터,충청남도 당진시 석문면 대호만로  1699 (석문면),041-358-4908
당진시,방문목욕,효드림노인복지센터,충청남도 당진시 수청로  280-1 (시곡동),041-355-9010
당진시,방문요양,효드림노인복지센터,충청남도 당진시 수청로  280-1 (시곡동),041-355-9010
당진시,방문요양,반딧불노인복지센터,충청남도 당진시 송악읍 송악로  690 106호 (송악읍),041-357-1150
당진시,방문요양,(사회복지법인당진)당진시니어재가센터,충청남도 당진시 순성면 버들길  55-7 (순성면),041-352-3440
당진시,방문목욕,더사랑방문요양센터,충청남도 당진시 무수동로  32 2층1호 (대덕동),041-355-2384
당진시,방문요양,더사랑방문요양센터,충청남도 당진시 무수동로  32 2층1호 (대덕동),041-355-2384
당진시,방문목욕,힐링방문요양센터,충청남도 당진시 청룡길  16 3층301호 (대덕동),041-352-2701
당진시,방문요양,힐링방문요양센터,충청남도 당진시 청룡길  16 3층301호 (대덕동),041-352-2701
당진시,방문목욕,나누리재가복지센터,"충청남도 당진시 서해로  6216 112동302호 (시곡동, 우민늘사랑아파트)",041-358-5290
당진시,방문요양,나누리재가복지센터,"충청남도 당진시 서해로  6216 112동302호 (시곡동, 우민늘사랑아파트)",041-358-5290
당진시,방문목욕,효사랑재가요양센터,충청남도 당진시 송악읍 기지시1길  2 (송악읍),041-355-2111
당진시,방문요양,효사랑재가요양센터,충청남도 당진시 송악읍 기지시1길  2 (송악읍),041-355-2111
당진시,방문요양,우진재가복지센터,"충청남도 당진시 송산면 송산로  164 3층305호 (송산면, 대상아파트상가)",041-357-0817
당진시,방문요양,청학방문요양센터,"충청남도 당진시 무수동7길  119 502호 (읍내동, 청운빌딩)",041-357-2030
당진시,방문목욕,가족나눔요양센터,충청남도 당진시 정미면 상구실로  3-3 103호 (정미면),041-353-1450
당진시,방문요양,가족나눔요양센터,충청남도 당진시 정미면 상구실로  3-3 103호 (정미면),041-353-1450
당진시,방문요양,강남재가복지센터,"충청남도 당진시 시장중앙길  85 201호 (읍내동, 양정빌딩)",041-356-2268
당진시,방문목욕,로뎀노인복지센터,"충청남도 당진시 신평면 솔안말길  21 103동102호 (신평면, 당진 신평 풍림아이원)",041-363-7407
당진시,방문요양,로뎀노인복지센터,"충청남도 당진시 신평면 솔안말길  21 103동102호 (신평면, 당진 신평 풍림아이원)",041-363-7407
당진시,방문목욕,다솜요양센터,충청남도 당진시 순성면 순성로  452-78 (순성면),041-353-3210
당진시,방문요양,다솜요양센터,충청남도 당진시 순성면 순성로  452-78 (순성면),041-353-3210
당진시,방문목욕,늘봄요양센터,충청남도 당진시 순성면 남부로  938 (순성면),041-353-8188
당진시,방문요양,늘봄요양센터,충청남도 당진시 순성면 남부로  938 (순성면),041-353-8188
당진시,방문요양,뉴보필노인복지센터,충청남도 당진시 서부로  61-3 (채운동),041-356-0025
당진시,방문요양,돌봄연구소 당진 재가복지센터,"충청남도 당진시 수청2로  77 상가1동113호 (수청동, 지엔하임)",041-355-9925
당진시,방문목욕,정나눔방문요양센터,충청남도 당진시 송악읍 광명길  17 (송악읍),041-357-9191
당진시,방문요양,정나눔방문요양센터,충청남도 당진시 송악읍 광명길  17 (송악읍),041-357-9191
당진시,방문요양,석문방문요양센터,충청남도 당진시 석문면 해명4로3길  2 (석문면),041-358-1259
당진시,방문요양,사회복지법인 참사랑재가복지센터,충청남도 당진시 면천면 엄치길  38-112 (면천면),041-356-0518
당진시,복지용구,"당진의료기,복지용구센터",충청남도 당진시 수청로  280 (시곡동),041-357-8522
당진시,방문목욕,소망재가복지센터,충청남도 당진시 송악읍 송악로  1023 (송악읍),
당진시,방문요양,소망재가복지센터,충청남도 당진시 송악읍 송악로  1023 (송악읍),
당진시,방문요양,예찬데이케어센터,충청남도 당진시 송산면 유곡2길  9 3층 (송산면),041-355-6005
당진시,방문목욕,정성방문요양센터,충청남도 당진시 신평면 세정길  5-6 302호 (신평면),041-362-1007
당진시,방문요양,정성방문요양센터,충청남도 당진시 신평면 세정길  5-6 302호 (신평면),041-362-1007
당진시,방문요양,육성노인주간보호센터,충청남도 당진시 당진중앙2로  226-35 (읍내동),041-352-1522
당진시,방문목욕,라온재가노인복지센터,충청남도 당진시 송산면 서정11길  5-5 101호 (송산면),041-355-2420
당진시,방문요양,라온재가노인복지센터,충청남도 당진시 송산면 서정11길  5-5 101호 (송산면),041-355-2420
당진시,방문목욕,버그네 채움 재가요양센터,충청남도 당진시 합덕읍 굴미2길  43 (합덕읍),041-362-0101
당진시,방문요양,버그네 채움 재가요양센터,충청남도 당진시 합덕읍 굴미2길  43 (합덕읍),041-362-0101
당진시,주야간보호,마실노인복지센터,충청남도 당진시 송산면 장갈길  25 (송산면),041-358-7770
당진시,주야간보호,온누리주야간보호센터,충청남도 당진시 송산면 송산로  235 (송산면),041-355-1532
당진시,주야간보호,효드림노인복지센터,충청남도 당진시 수청로  280-1 (시곡동),041-355-9010
당진시,주야간보호,(사회복지법인당진)당진시니어재가센터,충청남도 당진시 순성면 버들길  55-7 (순성면),041-352-3440
당진시,주야간보호,로뎀노인복지센터,"충청남도 당진시 신평면 솔안말길  21 103동102호 (신평면, 당진 신평 풍림아이원)",041-363-7407
당진시,주야간보호,다솜요양센터,충청남도 당진시 순성면 순성로  452-78 (순성면),041-353-3210
당진시,주야간보호,늘봄요양센터,충청남도 당진시 순성면 남부로  938 (순성면),041-353-8188
당진시,주야간보호,뉴보필노인복지센터,충청남도 당진시 서부로  61-3 (채운동),041-356-0025
당진시,주야간보호,사회복지법인 참사랑재가복지센터,충청남도 당진시 면천면 엄치길  38-112 (면천면),041-356-0518
당진시,주야간보호,예찬데이케어센터,충청남도 당진시 송산면 유곡2길  9 3층 (송산면),041-355-6005
당진시,주야간보호,주는사랑주간보호센터,충청남도 당진시 석문면 다리들길  33 (석문면),041-353-1925
당진시,주야간보호,육성노인주간보호센터,충청남도 당진시 당진중앙2로  226-35 (읍내동),041-352-1522
당진시,주야간보호,당진 고운정주간보호센터,충청남도 당진시 송산면 당산2로  33 (송산면),041-358-5501
금산군,방문요양,봄날재가노인센터,충청남도 금산군 금산읍 비범로  68 (금산읍),041-752-8887
금산군,방문목욕,100세 건강 노인 재가복지센터,충청남도 금산군 추부면 미삭길  90 (추부면),041-752-5259
금산군,방문요양,100세 건강 노인 재가복지센터,충청남도 금산군 추부면 미삭길  90 (추부면),041-752-5259
금산군,방문요양,한울주야간보호센터,충청남도 금산군 남이면 성산길  1 (남이면),041-754-9600
금산군,방문목욕,함께하는재가복지센터,충청남도 금산군 금산읍 비단로  44 (금산읍),041-754-0151
금산군,방문요양,함께하는재가복지센터,충청남도 금산군 금산읍 비단로  44 (금산읍),041-754-0151
금산군,방문목욕,새금산데이케어,"충청남도 금산군 금산읍 인삼로  65 (금산읍, 503호 ,603호)",041-751-1000
금산군,방문요양,새금산데이케어,"충청남도 금산군 금산읍 인삼로  65 (금산읍, 503호 ,603호)",041-751-1000
금산군,방문요양,희망재가복지센터,충청남도 금산군 금산읍 비단로  174 (금산읍),041-751-8100
금산군,방문요양,동행랜드 그린동,충청남도 금산군 군북면 황새목길  22-21 (군북면),041-752-6090
금산군,방문목욕,금산돌봄센터,충청남도 금산군 금산읍 인삼로  51 (금산읍),041-751-5848
금산군,방문요양,금산돌봄센터,충청남도 금산군 금산읍 인삼로  51 (금산읍),041-751-5848
금산군,방문목욕,예은노인복지센터,충청남도 금산군 금산읍 비단로  380-1 2층 (금산읍),041-751-7554
금산군,방문요양,예은노인복지센터,충청남도 금산군 금산읍 비단로  380-1 2층 (금산읍),041-751-7554
금산군,방문목욕,추부노인복지센터,충청남도 금산군 복수면 다복동길  36-33 (복수면),041-754-6474
금산군,방문요양,추부노인복지센터,충청남도 금산군 복수면 다복동길  36-33 (복수면),041-754-6474
금산군,방문목욕,기쁨제2주간보호센터,충청남도 금산군 금산읍 북사직5길  33 (금산읍),041-751-4450
금산군,방문요양,기쁨제2주간보호센터,충청남도 금산군 금산읍 북사직5길  33 (금산읍),041-751-4450
금산군,방문요양,탄탄복지센터,충청남도 금산군 군북면 산꽃로  905 (군북면),041-751-9720
금산군,방문목욕,황금재가복지센터,충청남도 금산군 금산읍 오리정로  3 (금산읍),041-751-8870
금산군,방문요양,황금재가복지센터,충청남도 금산군 금산읍 오리정로  3 (금산읍),041-751-8870
금산군,방문요양,대둔산재가복지센터,충청남도 금산군 진산면 숲정이1길  11 (진산면),041-751-7436
금산군,단기보호,동행랜드 핑크동,충청남도 금산군 군북면 황새목길  22-22 (군북면),041-752-6090
금산군,방문요양,동행랜드 핑크동,충청남도 금산군 군북면 황새목길  22-22 (군북면),041-752-6090
금산군,방문목욕,어울림노인재가센터,충청남도 금산군 금산읍 후곤천길  82 2층 (금산읍),041-752-1577
금산군,방문요양,어울림노인재가센터,충청남도 금산군 금산읍 후곤천길  82 2층 (금산읍),041-752-1577
금산군,방문목욕,금산방문요양센터,충청남도 금산군 군북면 새말길  10-10 (군북면),041-753-9065
금산군,방문요양,금산방문요양센터,충청남도 금산군 군북면 새말길  10-10 (군북면),041-753-9065
금산군,방문목욕,시니어재가복지센터,충청남도 금산군 금산읍 건삼전길  29 1층 (금산읍),041-751-6424
금산군,방문요양,시니어재가복지센터,충청남도 금산군 금산읍 건삼전길  29 1층 (금산읍),041-751-6424
금산군,복지용구,드림복지용구,충청남도 금산군 금산읍 뒷담말2길  7 2층 (금산읍),041-752-1994
금산군,주야간보호,새금산주간보호센터,충청남도 금산군 금산읍 비호로  80 (금산읍),041-753-8700
금산군,주야간보호,새금산실버케어,충청남도 금산군 금산읍 비단로  380 (금산읍),041-753-9900
금산군,주야간보호,신나는주간보호센터,충청남도 금산군 금산읍 남사직2길  44 3층 (금산읍),041-752-3030
금산군,주야간보호,온누리주간보호센터,충청남도 금산군 금산읍 남사직2길  44 2층 (금산읍),041-751-7967
금산군,주야간보호,봄날재가노인센터,충청남도 금산군 금산읍 비범로  68 (금산읍),041-752-8887
금산군,주야간보호,한울주야간보호센터,충청남도 금산군 남이면 성산길  1 (남이면),041-754-9600
금산군,주야간보호,새금산데이케어,"충청남도 금산군 금산읍 인삼로  65 (금산읍, 503호 ,603호)",041-751-1000
금산군,주야간보호,동행랜드 그린동,충청남도 금산군 군북면 황새목길  22-21 (군북면),041-752-6090
금산군,주야간보호,추부노인복지센터,충청남도 금산군 복수면 다복동길  36-33 (복수면),041-754-6474
금산군,주야간보호,기쁨제2주간보호센터,충청남도 금산군 금산읍 북사직5길  33 (금산읍),041-751-4450
금산군,주야간보호,미소주간보호센터,충청남도 금산군 금산읍 계진길  97 (금산읍),041-753-3388
금산군,주야간보호,금산주간보호센터,"충청남도 금산군 금산읍 인삼로  65 (금산읍, 701호 엔이시티)",041-753-0044
금산군,주야간보호,금산무지개주간보호센터,충청남도 금산군 금산읍 오리정1길 52 1층,041-753-9595
금산군,주야간보호,동행랜드 핑크동,충청남도 금산군 군북면 황새목길  22-22 (군북면),041-752-6090
금산군,재가노인지원서비스,심광노인복지센터,충청남도 금산군 금산읍 뒷담말22길 2층 (금산읍),041-753-5591
부여군,방문목욕,부여노인복지센터,충청남도 부여군 부여읍 청마로  93 (부여읍),041-836-3606
부여군,방문요양,부여노인복지센터,충청남도 부여군 부여읍 청마로  93 (부여읍),041-836-3606
부여군,방문목욕,동산노인복지센터,충청남도 부여군 규암면 흥수로811번길  22 (규암면),041-836-0346
부여군,방문요양,동산노인복지센터,충청남도 부여군 규암면 흥수로811번길  22 (규암면),041-836-0346
부여군,방문요양,양지노인복지센터,충청남도 부여군 양화면 양화북로72번길  17 (양화면),041-833-3523
부여군,방문목욕,가림노인주간보호센터,충청남도 부여군 임천면 충절로  698 (임천면),041-837-7578
부여군,방문요양,가림노인주간보호센터,충청남도 부여군 임천면 충절로  698 (임천면),041-837-7578
부여군,방문요양,가나재가노인복지센터,충청남도 부여군 초촌면 초촌로  35 (초촌면),041-837-1007
부여군,방문목욕,가인나눔노인복지센터,충청남도 부여군 홍산면 홍산시장로  50-1 (홍산면),041-836-5656
부여군,방문요양,가인나눔노인복지센터,충청남도 부여군 홍산면 홍산시장로  50-1 (홍산면),041-836-5656
부여군,방문요양,기쁨주는노인복지센터,충청남도 부여군 옥산면 대백제로  346 2층 (옥산면),041-837-1123
부여군,방문요양,부여자온재가노인복지센터,충청남도 부여군 규암면 수북로  48-1 (규암면),041-833-7178
부여군,방문목욕,임천노인복지센터,충청남도 부여군 임천면 만가로  96-1 (임천면),041-833-0297
부여군,방문요양,임천노인복지센터,충청남도 부여군 임천면 만가로  96-1 (임천면),041-833-0297
부여군,방문요양,가온노인복지센터,충청남도 부여군 은산면 충절로  2798 (은산면),041-832-6549
부여군,방문목욕,우리동네재가복지센터,충청남도 부여군 부여읍 석탑로  60 2층 (부여읍),041-836-1223
부여군,방문요양,우리동네재가복지센터,충청남도 부여군 부여읍 석탑로  60 2층 (부여읍),041-836-1223
부여군,방문요양,드림재가복지센터,충청남도 부여군 외산면 만수로  133 (외산면),041-832-4082
부여군,주야간보호,동산노인복지센터,충청남도 부여군 규암면 흥수로811번길  22 (규암면),041-836-0346
부여군,주야간보호,우리부모님 재가복지센터,충청남도 부여군 홍산면 남촌로  32-11 (홍산면),041-836-1440
부여군,주야간보호,양지노인복지센터,충청남도 부여군 양화면 양화북로72번길  17 (양화면),041-833-3523
부여군,주야간보호,효원노인복지센터,충청남도 부여군 부여읍 성왕로  417 (부여읍),041-833-5005
부여군,주야간보호,가림노인주간보호센터,충청남도 부여군 임천면 충절로  698 (임천면),041-837-7578
부여군,주야간보호,한빛효주간보호센터,충청남도 부여군 부여읍 성왕로  199 (부여읍),041-833-9300
부여군,주야간보호,하은주간보호센터,충청남도 부여군 옥산면 팔충로  218 (옥산면),041-408-7771
부여군,주야간보호,베이직주간보호센터,충청남도 부여군 외산면 만수로신근북길  64 (외산면),041-834-4119
부여군,재가노인지원서비스,동산노인복지센터,충청남도 부여군 규암면 흥수로811번길  22 (규암면),041-836-0346
부여군,재가노인지원서비스,부여노인복지센터,충청남도 부여군 부여읍 청마로  93 (부여읍),041-836-3606
서천군,재가노인지원서비스,서천노인복지센터,충청남도 서천군 서천읍 구암신송로  138-16 (서천읍),041-952-3500
서천군,방문요양,서천노인복지센터,충청남도 서천군 서천읍 구암신송로  138-16 (서천읍),041-952-3500
서천군,방문목욕,행복나눔노인복지센터,충청남도 서천군 한산면 충절로1148번길  16 (한산면),041-953-9230
서천군,방문요양,행복나눔노인복지센터,충청남도 서천군 한산면 충절로1148번길  16 (한산면),041-953-9230
서천군,방문목욕,살림노인복지센터,충청남도 서천군 서천읍 충절로41번길  23-7 (서천읍),041-956-1253
서천군,방문요양,살림노인복지센터,충청남도 서천군 서천읍 충절로41번길  23-7 (서천읍),041-956-1253
서천군,방문요양,서천사랑노인복지센터,충청남도 서천군 서천읍 대백제로  1042-1 (서천읍),041-951-8058
서천군,방문목욕,현대재가복지센터,충청남도 서천군 장항읍 장항로  230 (장항읍),041-956-0016
서천군,방문요양,현대재가복지센터,충청남도 서천군 장항읍 장항로  230 (장항읍),041-956-0016
서천군,방문요양,서면방문요양센터,충청남도 서천군 서천읍 충절로121번길  8 (서천읍),041-952-2183
서천군,방문목욕,우정장기요양센터,충청남도 서천군 장항읍 장항로  223 (장항읍),041-956-8114
서천군,방문요양,우정장기요양센터,충청남도 서천군 장항읍 장항로  223 (장항읍),041-956-8114
서천군,방문목욕,안심 재가노인복지센터,충청남도 서천군 화양면 화한로324번길  21 (화양면),041-951-3838
서천군,방문요양,안심 재가노인복지센터,충청남도 서천군 화양면 화한로324번길  21 (화양면),041-951-3838
서천군,방문요양,서천사랑통합케어센터,충청남도 서천군 서천읍 대백제로  1042-7 (서천읍),041-951-8058
서천군,방문요양,마임방문요양센터,충청남도 서천군 서천읍 충절로49번길  2 3층 (서천읍),041-952-8773
서천군,방문목욕,화양방문요양센터,충청남도 서천군 서천읍 서천로  1 (서천읍),041-952-8232
서천군,방문요양,화양방문요양센터,충청남도 서천군 서천읍 서천로  1 (서천읍),041-952-8232
서천군,방문목욕,가온노인복지센터,충청남도 서천군 종천면 충서로263번길  16 2층 (종천면),041-953-3636
서천군,방문요양,가온노인복지센터,충청남도 서천군 종천면 충서로263번길  16 2층 (종천면),041-953-3636
서천군,방문목욕,데이지 가정방문 요양센터,충청남도 서천군 장항읍 장산로425번길  2 1층 (장항읍),041-956-8405
서천군,방문요양,데이지 가정방문 요양센터,충청남도 서천군 장항읍 장산로425번길  2 1층 (장항읍),041-956-8405
서천군,단기보호,섬김시니어홈,충청남도 서천군 비인면 비인로135번길  1-26 (비인면),041-952-8483
서천군,방문목욕,섬김시니어홈,충청남도 서천군 비인면 비인로135번길  1-26 (비인면),041-952-8483
서천군,방문요양,섬김시니어홈,충청남도 서천군 비인면 비인로135번길  1-26 (비인면),041-952-8483
서천군,방문요양,늘사랑 돌봄 방문요양 복지센타,충청남도 서천군 한산면 한마로  75-5 (한산면),041-951-1978
서천군,방문요양,동백 방문요양,충청남도 서천군 서천읍 서문로5번길  3-8 (서천읍),041-953-7903
서천군,방문요양,허베이종합복지센터,충청남도 서천군 서천읍 오태길  88 (서천읍),041-952-2211
서천군,방문요양,서천 재가복지센터,충청남도 서천군 비인면 갯벌체험로  768-5 (비인면),041-952-5244
서천군,방문목욕,더사랑노인복지센터,충청남도 서천군 서천읍 서천로  82-1 (서천읍),041-953-3363
서천군,방문요양,더사랑노인복지센터,충청남도 서천군 서천읍 서천로  82-1 (서천읍),041-953-3363
서천군,방문요양,부모님방문요양센터,충청남도 서천군 서천읍 서천로  107 (서천읍),041-952-5869
서천군,방문목욕,맘 재가방문요양센터,충청남도 서천군 서천읍 군청로  32 (서천읍),041-952-4146
서천군,방문요양,맘 재가방문요양센터,충청남도 서천군 서천읍 군청로  32 (서천읍),041-952-4146
서천군,주야간보호,서천노인복지센터,충청남도 서천군 서천읍 구암신송로  138-16 (서천읍),041-952-3500
서천군,주야간보호,행복나눔노인복지센터,충청남도 서천군 한산면 충절로1148번길  16 (한산면),041-953-9230
서천군,주야간보호,살림노인복지센터,충청남도 서천군 서천읍 충절로41번길  23-7 (서천읍),041-956-1253
서천군,주야간보호,금매복지원 부설 치매 노인 주야간 보호센터,충청남도 서천군 마서면 구절길7번길  65 (마서면),041-956-0893
서천군,주야간보호,늘봄재가노인복지센타,충청남도 서천군 장항읍 성주새길  92 (장항읍),041-956-1595
서천군,주야간보호,장항효사랑주야간보호센터,충청남도 서천군 장항읍 장서로  12 1층 (장항읍),041-957-9200
서천군,주야간보호,서천사랑통합케어센터,충청남도 서천군 서천읍 대백제로  1042-7 (서천읍),041-951-8058
서천군,주야간보호,섬김시니어홈,충청남도 서천군 비인면 비인로135번길  1-26 (비인면),041-952-8483
서천군,주야간보호,허베이종합복지센터,충청남도 서천군 서천읍 오태길  88 (서천읍),041-952-2211
청양군,재가노인지원서비스,청양군재가노인지원센터,청양군 정산면 천장호길 69,041-942-0777
청양군,방문목욕,정산종합재가센터,충청남도 청양군 정산면 천장호길  69 (정산면),041-942-3355
청양군,단기보호,정산종합재가센터,충청남도 청양군 정산면 천장호길  69 (정산면),041-942-3355
청양군,방문요양,라파재활주간보호센터,충청남도 청양군 청양읍 충절로  1111 (청양읍),041-942-2525
청양군,방문요양,소망의집 병설 방문요양센터,충청남도 청양군 남양면 나래미길  64-4 (남양면),041-944-0691
청양군,방문요양,큰나래주간보호센터,충청남도 청양군 청양읍 약수터길  8-7 (청양읍),041-942-3680
청양군,방문요양,화성병설방문요양복지센터,충청남도 청양군 화성면 선바위길  67 (화성면),041-943-3356
청양군,방문요양,정산장수방문요양센터,충청남도 청양군 정산면 정현길  49 2층 (정산면),041-943-5449
청양군,방문간호,가정 방문간호,"충청남도 청양군 청양읍 칠갑산로 148, 202호",041-943-3356
청양군,방문요양,참사랑방문요양센터,충청남도 청양군 정산면 효자길  33 2층 (정산면),041-944-0818
청양군,방문요양,청양장평 방문재가요양센터,충청남도 청양군 장평면 장구먹길  43-22 (장평면),041-942-7396
청양군,주야간보호,정산종합재가센터,충청남도 청양군 정산면 천장호길  69 (정산면),041-942-3355
청양군,주야간보호,라파재활주간보호센터,충청남도 청양군 청양읍 충절로  1111 (청양읍),041-942-2525
청양군,주야간보호,소망의집 병설 주간보호센터,충청남도 청양군 남양면 나래미길  64-3 (남양면),041-944-0691
청양군,주야간보호,큰나래주간보호센터,충청남도 청양군 청양읍 약수터길  8-7 (청양읍),041-942-3680
청양군,주야간보호,화성병설주야간복지센터,충청남도 청양군 화성면 선바위길  67 (화성면),041-943-3356
홍성군,재가노인지원서비스,청로노인종합복지센터,충청남도 홍성군 홍성읍 구항길  337 (홍성읍),041-631-3959
홍성군,재가노인지원서비스,올리브재가노인종합지원센터,충청남도 홍성군 홍성읍 조양로75번길 17,041-632-0904
홍성군,방문목욕,청로노인종합복지센터,,
홍성군,방문요양,청로노인종합복지센터,충청남도 홍성군 홍성읍 구항길  337 (홍성읍),041-631-3959
홍성군,방문목욕,올리브재가노인종합지원센터,충청남도 홍성군 홍성읍 조양로75번길  17 (홍성읍),041-632-0904
홍성군,복지용구,올리브재가노인종합지원센터,충청남도 홍성군 홍성읍 조양로75번길  17 (홍성읍),041-632-0904
홍성군,방문요양,사랑재가복지센터,충청남도 홍성군 홍성읍 문화로33번길  26-12 (홍성읍),041-633-0634
홍성군,방문요양,소망재가노인복지센터,충청남도 홍성군 홍성읍 남장중로  63-17 (홍성읍),041-632-0803
홍성군,방문요양,실로암재가노인복지센터,충청남도 홍성군 홍성읍 아문길  60 (홍성읍),041-632-8809
홍성군,방문요양,광천다온재가복지센터,충청남도 홍성군 광천읍 홍남로  676 2층나호 (광천읍),041-641-0730
홍성군,방문목욕,(주)홍성돌봄요양센터,충청남도 홍성군 홍성읍 의사로36번길  32 2층 (홍성읍),041-632-5586
홍성군,방문요양,(주)홍성돌봄요양센터,충청남도 홍성군 홍성읍 의사로36번길  32 2층 (홍성읍),041-632-5586
홍성군,방문요양,효성방문요양센터,충청남도 홍성군 홍성읍 조양로75번길  64 1호 (홍성읍),041-634-5241
홍성군,방문목욕,정성재가요양센터,충청남도 홍성군 홍성읍 도청대로93번길  13-14 (홍성읍),041-634-0020
홍성군,방문요양,정성재가요양센터,충청남도 홍성군 홍성읍 도청대로93번길  13-14 (홍성읍),041-634-0020
홍성군,방문요양,가족행복재가노인복지센터,충청남도 홍성군 홍성읍 의사로36번길  47 2층3호 (홍성읍),041-635-0088
홍성군,방문목욕,한솔재가노인복지센터,충청남도 홍성군 홍북읍 도청대로  208 (홍북읍),041-631-3693
홍성군,방문요양,한솔재가노인복지센터,충청남도 홍성군 홍북읍 도청대로  208 (홍북읍),041-631-3693
홍성군,방문요양,양지재활주간보호센터,충청남도 홍성군 홍북읍 홍북로  510 (홍북읍),041-634-7177
홍성군,방문요양,해피재가노인복지센터,충청남도 홍성군 홍성읍 내포로146번길  18-21 (홍성읍),041-635-1259
홍성군,방문간호,힐링재가센터,충청남도 홍성군 광천읍 홍남로  650-1 (광천읍),041-641-6465
홍성군,방문요양,힐링재가센터,충청남도 홍성군 광천읍 홍남로  650-1 (광천읍),041-641-6465
홍성군,방문목욕,에덴광천주간보호센터,충청남도 홍성군 광천읍 홍남동로64번길  176-50 (광천읍),041-641-7772
홍성군,복지용구,행복의료기 복지용구,충청남도 홍성군 홍성읍 의사로49번길  58 (홍성읍),041-633-0883
홍성군,방문목욕,해인노인복지센터,충청남도 홍성군 홍성읍 도청대로  155-26 101호 (홍성읍),041-634-1001
홍성군,방문요양,해인노인복지센터,충청남도 홍성군 홍성읍 도청대로  155-26 101호 (홍성읍),041-634-1001
홍성군,주야간보호,청로노인종합복지센터,충청남도 홍성군 홍성읍 구항길  337 (홍성읍),041-631-3959
홍성군,주야간보호,올리브재가노인종합지원센터,충청남도 홍성군 홍성읍 조양로75번길  17 (홍성읍),041-632-0904
홍성군,주야간보호,샬롬어메니티재가노인복지센터,충청남도 홍성군 갈산면 내포로  1718-36 (갈산면),041-631-9631
홍성군,주야간보호,은빛주간보호센터,충청남도 홍성군 구항면 구항서길  227-1 (구항면),041-632-7763
홍성군,주야간보호,가나안주간보호센터,충청남도 홍성군 금마면 금북로165번길  28-10 (금마면),041-631-1806
홍성군,주야간보호,사랑재가복지센터,충청남도 홍성군 홍성읍 문화로33번길  26-12 (홍성읍),041-633-0634
홍성군,주야간보호,소망재가노인복지센터,충청남도 홍성군 홍성읍 남장중로  63-17 (홍성읍),041-632-0803
홍성군,주야간보호,섬김재가복지센터,충청남도 홍성군 구항면 충서로999번길  101-65 (구항면),041-632-3161
홍성군,주야간보호,양지재활주간보호센터,충청남도 홍성군 홍북읍 홍북로  510 (홍북읍),041-634-7177
홍성군,주야간보호,광천주간보호센터,충청남도 홍성군 광천읍 홍남로620번길  24 (광천읍),041-642-0642
홍성군,주야간보호,에덴광천주간보호센터,충청남도 홍성군 광천읍 홍남동로64번길  176-50 (광천읍),041-641-7772
홍성군,주야간보호,브라보광천주간보호센터,충청남도 홍성군 광천읍 광천로  320 3층 (광천읍),041-641-0337
홍성군,주야간보호,해인노인복지센터,충청남도 홍성군 홍성읍 도청대로  155-26 101호 (홍성읍),041-634-1001
예산군,재가노인지원서비스,예산군재가노인지원서비스센터,예산읍 벚꽃로 214-11,041-334-2901
예산군,방문목욕,삽교주간보호센터, 삽교읍 삽교로  206-22 (삽교읍),041-338-6003
예산군,방문요양,삽교주간보호센터, 삽교읍 삽교로  206-22 (삽교읍),041-338-6003
예산군,방문요양,좋은  재가노인복지센터, 예산읍 아리랑로  17 2층 (예산읍),041-333-6080
예산군,방문요양,예산군 노인종합복지관 연화주간보호센터, 예산읍 벚꽃로  214-11 (예산읍),041-330-2901
예산군,방문요양,냉이꽃방문요양센터," 예산읍 예산로  59 2층 (예산읍, 구억말빌딩)",041-333-2343
예산군,방문요양,의좋은형제재가복지센터, 대흥면 의좋은형제길  51 (대흥면),041-333-3999
예산군,방문목욕,충남서부돌봄센터, 삽교읍 예학로  10-22 1층103호 (삽교읍),041-337-3371
예산군,방문요양,충남서부돌봄센터, 삽교읍 예학로  10-22 1층103호 (삽교읍),041-337-3371
예산군,방문간호,새 효자손복지센터, 삽교읍 예학로  81 403호 (삽교읍),041-332-4493
예산군,방문목욕,새 효자손복지센터, 삽교읍 예학로  81 403호 (삽교읍),041-332-4493
예산군,방문요양,새 효자손복지센터, 삽교읍 예학로  81 403호 (삽교읍),041-332-4493
예산군,방문목욕,예산사랑재가복지센터, 예산읍 역전로  122 202호 (예산읍),041-332-3612
예산군,방문요양,예산사랑재가복지센터, 예산읍 역전로  122 202호 (예산읍),041-332-3612
예산군,방문간호,미건방문간호센터, 예산읍 주교로  8 (예산읍),041-333-0882
예산군,방문목욕,미건방문간호센터, 예산읍 주교로  8 (예산읍),041-333-0882
예산군,방문요양,미건방문간호센터, 예산읍 주교로  8 (예산읍),041-333-0882
예산군,복지용구,예산의료기복지용구, 예산읍 임성로  40 (예산읍),041-331-5979
예산군,방문목욕,예산돌봄사회서비스센터, 예산읍 벚꽃로155번길  10 (예산읍),041-331-5402
예산군,방문요양,예산돌봄사회서비스센터, 예산읍 벚꽃로155번길  10 (예산읍),041-331-5402
예산군,방문목욕,365홈케어(다행복한협동조합), 응봉면 응봉로  157 (응봉면),
예산군,방문요양,365홈케어(다행복한협동조합), 응봉면 응봉로  157 (응봉면),
예산군,방문목욕,섬김방문요양복지센터, 예산읍 예산로  108 2층 (예산읍),041-331-8300
예산군,방문요양,섬김방문요양복지센터, 예산읍 예산로  108 2층 (예산읍),041-331-8300
예산군,방문목욕,서광노인재가복지센터, 신암면 추사로  206 101호 (신암면),041-332-3353
예산군,방문요양,서광노인재가복지센터, 신암면 추사로  206 101호 (신암면),041-332-3353
예산군,방문요양,엔젤방문요양센터, 삽교읍 청사로  217 4층406호 (삽교읍),041-338-3462
예산군,방문요양,백세재가복지센터, 예산읍 주교로  50 (예산읍),041-337-9311
예산군,방문목욕,선한이웃재가센터, 예산읍 창말로  21 (예산읍),041-334-7005
예산군,방문요양,선한이웃재가센터, 예산읍 창말로  21 (예산읍),041-334-7005
예산군,방문목욕,애민사랑방문요양센터, 덕산면 덕산온천로  413-16 102호 (덕산면),041-338-5854
예산군,방문요양,애민사랑방문요양센터, 덕산면 덕산온천로  413-16 102호 (덕산면),041-338-5854
예산군,방문요양,사과나무방문요양센터, 덕산면 덕산온천로  296 (덕산면),041-338-9760
예산군,주야간보호,삽교주간보호센터, 삽교읍 삽교로  206-22 (삽교읍),041-338-6003
예산군,주야간보호,새벽별주간보호,신양면 가지1길 22-58,041-338-6003
예산군,주야간보호,예산군 노인종합복지관 연화주간보호센터, 예산읍 벚꽃로  214-11 (예산읍),041-330-2901
예산군,주야간보호,실버스테이 주간보호센터," 삽교읍 수촌학재길 146-7,1층",041-337-1919
예산군,주야간보호,새순노인주간보호센터, 예산읍 산성공원1길  33 (예산읍),041-334-6599
태안군,단기보호,사회복지법인 서혜원,충청남도 태안군 이원면 발전로  939 (이원면),041-672-9101
태안군,방문요양,꽃다지 복지센터,충청남도 태안군 이원면 발전로  939 (이원면),041-672-9101
태안군,방문목욕,A+태안노인방문요양센터,충청남도 태안군 태안읍 독샘로  27-16 (태안읍),041-675-8891
태안군,방문요양,A+태안노인방문요양센터,충청남도 태안군 태안읍 독샘로  27-16 (태안읍),041-675-8891
태안군,방문요양,한마음재가센터,충청남도 태안군 태안읍 환동로  82 2층 (태안읍),041-675-6512
태안군,방문요양,무지개방문요양센터,충청남도 태안군 안면읍 안면대로  2669 2층 (안면읍),041-675-3755
태안군,방문목욕,백화방문요양센터,"충청남도 태안군 태안읍 군청6길  24 (태안읍, 가동)",041-674-1253
태안군,방문요양,백화방문요양센터,"충청남도 태안군 태안읍 군청6길  24 (태안읍, 가동)",041-674-1253
태안군,방문요양,온누리재가복지센터,충청남도 태안군 태안읍 다락미1길  4 (태안읍),041-674-4968
태안군,방문목욕,태안제일주간보호센터,충청남도 태안군 태안읍 백화로  121-122 (태안읍),041-674-1007
태안군,방문요양,태안제일주간보호센터,충청남도 태안군 태안읍 백화로  121-122 (태안읍),041-674-1007
태안군,복지용구,태안제일주간보호센터,충청남도 태안군 태안읍 백화로  121-122 (태안읍),041-674-1007
태안군,방문목욕,안면 노인주간보호센터,충청남도 태안군 안면읍 응지마을길  2-1 (안면읍),041-675-3356
태안군,방문요양,안면 노인주간보호센터,충청남도 태안군 안면읍 응지마을길  2-1 (안면읍),041-675-3356
태안군,방문목욕,더드림방문요양센터,충청남도 태안군 태안읍 중앙로  126 (태안읍),041-672-7555
태안군,방문요양,더드림방문요양센터,충청남도 태안군 태안읍 중앙로  126 (태안읍),041-672-7555
태안군,방문요양,가나 방문요양센터,충청남도 태안군 태안읍 중앙로  46 (태안읍),041-674-5060
태안군,방문목욕,태안어르신 재가복지센터,충청남도 태안군 태안읍 동평로  16 2층205호 (태안읍),041-675-0000
태안군,방문요양,태안어르신 재가복지센터,충청남도 태안군 태안읍 동평로  16 2층205호 (태안읍),041-675-0000
태안군,방문목욕,오케이행복 재가노인복지센터,충청남도 태안군 태안읍 독샘로  44 2층 (태안읍),041-920-5156
태안군,방문요양,오케이행복 재가노인복지센터,충청남도 태안군 태안읍 독샘로  44 2층 (태안읍),041-920-5156
태안군,주야간보호,사회복지법인 서혜원,충청남도 태안군 이원면 발전로  939 (이원면),041-672-9101
태안군,주야간보호,한마음재가센터,충청남도 태안군 태안읍 환동로  82 2층 (태안읍),041-675-6512
태안군,주야간보호,태안제일주간보호센터,충청남도 태안군 태안읍 백화로  121-122 (태안읍),041-674-1007
태안군,주야간보호,안면 노인주간보호센터,충청남도 태안군 안면읍 응지마을길  2-1 (안면읍),041-675-3356
