2023,34040330060917,to_in_005,4.0
2023,34040330060907,to_in_005,2.4
2023,34040120060303,to_in_005,10.1
2023,34040330061305,to_in_005,3.5
2023,34040330061302,to_in_005,2.4
2023,34040120060402,to_in_005,5.3
2023,34040120090504,to_in_005,7.3
2023,34040120060401,to_in_005,4.2
2023,34040330061303,to_in_005,5.1
2023,34040120090503,to_in_005,3.8
2023,34040120090601,to_in_005,0.7
2023,34040330061301,to_in_005,2.3
2023,34040120110504,to_in_005,6.4
2023,34040330061304,to_in_005,5.3
2023,34040330061403,to_in_005,3.1
2023,34040340020202,to_in_005,11.1
2023,34040340050405,to_in_005,8.5
2023,34040350080203,to_in_005,4.7
2023,34040120080203,to_in_005,10.3
2023,34040350080201,to_in_005,6.5
2023,34040350080202,to_in_005,5.3
2023,34040120080206,to_in_005,7.9
2023,34040120121101,to_in_005,15.0
2023,34040330060920,to_in_005,2.8
2023,34040330061406,to_in_005,1.3
2023,34040330061401,to_in_005,1.9
2023,34040330061404,to_in_005,0.6
2023,34040330061405,to_in_005,0.7
2023,34040330061402,to_in_005,2.2
2023,34040330060910,to_in_005,1.8
2023,34040330060918,to_in_005,2.4
2023,34040330060908,to_in_005,4.6
2023,34040330060915,to_in_005,2.1
2023,34040330060905,to_in_005,2.0
2023,34040120121003,to_in_005,7.4
2023,34040120121111,to_in_005,14.2
2023,34040330060916,to_in_005,3.8
2023,34040330060906,to_in_005,5.2
2023,34040330060009,to_in_005,0
2023,34040540030202,to_in_005,29.9
2023,34040330060913,to_in_005,2.9
2023,34040330060903,to_in_005,1.8
2023,34040330061002,to_in_005,5.2
2023,34040330061003,to_in_005,2.5
2023,34040330061001,to_in_005,1.7
2023,34040330061004,to_in_005,1.6
2023,34040120060202,to_in_005,32.0
2023,34040120060301,to_in_005,12.6
2023,34040330060702,to_in_005,24.3
2023,34040330060701,to_in_005,6.3
2023,34040120110801,to_in_005,14.3
2023,34040120110803,to_in_005,27.8
2023,34040120110802,to_in_005,20.0
2023,34040120110903,to_in_005,14.1
2023,34040330060802,to_in_005,12.2
2023,34040120050703,to_in_005,17.0
2023,34040350070103,to_in_005,9.4
2023,34040350070102,to_in_005,8.3
2023,34040120050702,to_in_005,24.5
2023,34040550010105,to_in_005,9.2
2023,34040120090102,to_in_005,5.9
2023,34040550010102,to_in_005,8.8
2023,34040120110705,to_in_005,9.4
2023,34040120121105,to_in_005,12.4
2023,34040330060801,to_in_005,11.6
2023,34040330060914,to_in_005,4.0
2023,34040120121104,to_in_005,9.5
2023,34040330060904,to_in_005,3.6
2023,34040330060911,to_in_005,2.2
2023,34040330060901,to_in_005,2.4
2023,34040120110704,to_in_005,8.7
2023,34040330060919,to_in_005,5.2
2023,34040120110703,to_in_005,14.9
2023,34040330060909,to_in_005,2.0
2023,34040550010104,to_in_005,10.0
2023,34040550020505,to_in_005,5.9
2023,34040550020503,to_in_005,6.6
2023,34040550020403,to_in_005,9.2
2023,34040340050404,to_in_005,8.1
2023,34040340050401,to_in_005,10.3
2023,34040560010303,to_in_005,6.8
2023,34040560010403,to_in_005,10.1
2023,34040340060203,to_in_005,0
2023,34040560010406,to_in_005,5.5
2023,34040120050802,to_in_005,9.6
2023,34040560020402,to_in_005,127.3
2023,34040120050801,to_in_005,9.4
2023,34040120050902,to_in_005,81.9
2023,34040120090101,to_in_005,8.6
2023,34040120090302,to_in_005,6.1
2023,34040120121203,to_in_005,8.9
2023,34040120121103,to_in_005,13.6
2023,34040120110502,to_in_005,8.1
2023,34040120050901,to_in_005,18.3
2023,34040120110501,to_in_005,7.4
2023,34040110010102,to_in_005,20.9
2023,34040120121301,to_in_005,5.1
2023,34040110010202,to_in_005,19.9
2023,34040110010201,to_in_005,8.6
2023,34040110020001,to_in_005,76.7
2023,34040550020401,to_in_005,9.5
2023,34040550020501,to_in_005,5.5
2023,34040550020504,to_in_005,5.1
2023,34040120110602,to_in_005,15.4
2023,34040120080201,to_in_005,9.2
2023,34040120080204,to_in_005,8.2
2023,34040120080205,to_in_005,11.1
2023,34040120080301,to_in_005,10.4
2023,34040120080304,to_in_005,10.0
2023,34040120020001,to_in_005,7.8
2023,34040120121102,to_in_005,9.1
2023,34040120080302,to_in_005,9.7
2023,34040120050903,to_in_005,18.1
2023,34040120051002,to_in_005,0
2023,34040120110601,to_in_005,6.9
2023,34040120040001,to_in_005,12.4
2023,34040120050203,to_in_005,17.7
2023,34040120050202,to_in_005,42.6
2023,34040120040002,to_in_005,7.8
2023,34040120050302,to_in_005,0
2023,34040120050301,to_in_005,0
2023,34040120040101,to_in_005,12.8
2023,34040120030001,to_in_005,3.8
2023,34040120030105,to_in_005,4.6
2023,34040120030104,to_in_005,2.2
2023,34040120040102,to_in_005,8.6
2023,34040120030101,to_in_005,22.1
2023,34040120040104,to_in_005,6.3
2023,34040120030103,to_in_005,7.6
2023,34040120030102,to_in_005,13.0
2023,34040110010003,to_in_005,67.1
2023,34040120040103,to_in_005,10.1
2023,34040550020502,to_in_005,7.1
2023,34040120030201,to_in_005,9.1
2023,34040120030202,to_in_005,8.3
2023,34040120030303,to_in_005,12.9
2023,34040560020301,to_in_005,10.3
2023,34040120030302,to_in_005,8.8
2023,34040120060302,to_in_005,9.1
2023,34040110010001,to_in_005,52.2
2023,34040110010101,to_in_005,30.3
2023,34040110030005,to_in_005,50.6
2023,34040120080303,to_in_005,9.6
2023,34040120080401,to_in_005,1.3
2023,34040560010604,to_in_005,14.1
2023,34040110010002,to_in_005,67.6
2023,34040120030304,to_in_005,9.9
2023,34040110030004,to_in_005,58.3
2023,34040120030301,to_in_005,7.9
2023,34040120050701,to_in_005,20.0
2023,34040120060002,to_in_005,4.9
2023,34040110030001,to_in_005,57.9
2023,34040110030003,to_in_005,47.9
2023,34040120060101,to_in_005,9.8
2023,34040110030002,to_in_005,63.8
2023,34040120010001,to_in_005,52.3
2023,34040120060102,to_in_005,9.8
2023,34040120050001,to_in_005,30.3
2023,34040120050201,to_in_005,20.2
2023,34040120051001,to_in_005,0
2023,34040120051101,to_in_005,0
2023,34040120051102,to_in_005,0
2023,34040120060001,to_in_005,6.0
2023,34040120060203,to_in_005,21.0
2023,34040120060201,to_in_005,34.2
2023,34040120070001,to_in_005,50.6
2023,34040120080001,to_in_005,7.1
2023,34040120080202,to_in_005,7.7
2023,34040120090002,to_in_005,4.1
2023,34040120090003,to_in_005,10.6
2023,34040120090007,to_in_005,2.5
2023,34040120090001,to_in_005,1.2
2023,34040120090403,to_in_005,32.4
2023,34040120090402,to_in_005,29.5
2023,34040120090401,to_in_005,32.9
2023,34040120090502,to_in_005,3.7
2023,34040120090501,to_in_005,7.7
2023,34040120090505,to_in_005,3.9
2023,34040120090006,to_in_005,2.6
2023,34040120090005,to_in_005,3.9
2023,34040120090004,to_in_005,4.0
2023,34040120090301,to_in_005,6.2
2023,34040120090304,to_in_005,7.1
2023,34040120090303,to_in_005,5.5
2023,34040120110006,to_in_005,8.8
2023,34040120110702,to_in_005,17.1
2023,34040120110701,to_in_005,12.5
2023,34040120110007,to_in_005,47.2
2023,34040120110002,to_in_005,49.6
2023,34040120110008,to_in_005,5.1
2023,34040120110009,to_in_005,7.6
2023,34040120110004,to_in_005,13.0
2023,34040120110401,to_in_005,0
2023,34040120110505,to_in_005,5.2
2023,34040120100001,to_in_005,54.2
2023,34040120100101,to_in_005,23.5
2023,34040120110503,to_in_005,8.2
2023,34040120110301,to_in_005,6.5
2023,34040120110001,to_in_005,45.7
2023,34040120110011,to_in_005,0
2023,34040120110003,to_in_005,32.2
2023,34040120110010,to_in_005,7.7
2023,34040120110005,to_in_005,6.1
2023,34040120110102,to_in_005,7.6
2023,34040120110101,to_in_005,8.9
2023,34040120110202,to_in_005,6.5
2023,34040120110201,to_in_005,4.1
2023,34040120110303,to_in_005,4.9
2023,34040120110302,to_in_005,2.1
2023,34040120110902,to_in_005,9.4
2023,34040120110901,to_in_005,15.2
2023,34040120110905,to_in_005,9.0
2023,34040120110904,to_in_005,10.2
2023,34040120120015,to_in_005,4.2
2023,34040120120013,to_in_005,8.0
2023,34040120120901,to_in_005,6.1
2023,34040120120902,to_in_005,4.2
2023,34040120121004,to_in_005,7.2
2023,34040120121001,to_in_005,8.3
2023,34040120121110,to_in_005,6.7
2023,34040120121109,to_in_005,14.5
2023,34040120121108,to_in_005,14.8
2023,34040120121107,to_in_005,12.8
2023,34040120121106,to_in_005,11.6
2023,34040120121201,to_in_005,6.8
2023,34040120120004,to_in_005,26.5
2023,34040120120014,to_in_005,0.0
2023,34040120120001,to_in_005,5.6
2023,34040120120007,to_in_005,28.4
2023,34040120121002,to_in_005,7.6
2023,34040560020302,to_in_005,6.5
2023,34040120120011,to_in_005,52.5
2023,34040120120101,to_in_005,3.9
2023,34040120120202,to_in_005,7.4
2023,34040120120203,to_in_005,4.3
2023,34040120120204,to_in_005,6.5
2023,34040120120205,to_in_005,4.1
2023,34040120120201,to_in_005,3.7
2023,34040120120009,to_in_005,62.5
2023,34040120120301,to_in_005,3.0
2023,34040120120302,to_in_005,6.4
2023,34040120120010,to_in_005,166.7
2023,34040120120003,to_in_005,11.7
2023,34040120120012,to_in_005,57.7
2023,34040120120303,to_in_005,6.8
2023,34040120120401,to_in_005,0.6
2023,34040120120402,to_in_005,0
2023,34040120120403,to_in_005,4.6
2023,34040120120503,to_in_005,7.3
2023,34040120120501,to_in_005,6.8
2023,34040120120502,to_in_005,5.9
2023,34040120121202,to_in_005,7.9
2023,34040120120005,to_in_005,64.2
2023,34040120120006,to_in_005,12.7
2023,34040120120702,to_in_005,10.8
2023,34040120120703,to_in_005,9.9
2023,34040120120008,to_in_005,14.6
2023,34040120120002,to_in_005,8.8
2023,34040120120704,to_in_005,11.6
2023,34040120120705,to_in_005,9.9
2023,34040120120701,to_in_005,13.5
2023,34040120120801,to_in_005,15.1
2023,34040120120802,to_in_005,8.1
2023,34040560010601,to_in_005,23.9
2023,34040120121302,to_in_005,5.8
2023,34040330060008,to_in_005,8.1
2023,34040340050301,to_in_005,8.8
2023,34040310010001,to_in_005,65.7
2023,34040310010002,to_in_005,77.3
2023,34040330060011,to_in_005,0
2023,34040310010003,to_in_005,60.6
2023,34040330060012,to_in_005,8.2
2023,34040330060202,to_in_005,0.6
2023,34040310010007,to_in_005,62.4
2023,34040330060203,to_in_005,1.6
2023,34040330020002,to_in_005,12.6
2023,34040330061101,to_in_005,0.9
2023,34040310010006,to_in_005,34.6
2023,34040330040001,to_in_005,23.6
2023,34040330060201,to_in_005,2.0
2023,34040310010004,to_in_005,100.5
2023,34040330060010,to_in_005,5.2
2023,34040330060302,to_in_005,4.9
2023,34040330060303,to_in_005,2.3
2023,34040330060301,to_in_005,1.4
2023,34040310010005,to_in_005,67.7
2023,34040330050001,to_in_005,49.7
2023,34040330060304,to_in_005,4.1
2023,34040310010008,to_in_005,62.3
2023,34040310010009,to_in_005,63.5
2023,34040330010001,to_in_005,51.3
2023,34040340050306,to_in_005,5.4
2023,34040330020001,to_in_005,23.5
2023,34040330020101,to_in_005,9.0
2023,34040330060305,to_in_005,2.4
2023,34040330060003,to_in_005,21.7
2023,34040330061102,to_in_005,2.7
2023,34040330061201,to_in_005,0.8
2023,34040330030001,to_in_005,10.7
2023,34040330040002,to_in_005,0.4
2023,34040330050101,to_in_005,0
2023,34040330060006,to_in_005,14.2
2023,34040330060603,to_in_005,1.5
2023,34040330060001,to_in_005,27.5
2023,34040330060401,to_in_005,3.3
2023,34040330060404,to_in_005,2.3
2023,34040340050303,to_in_005,5.5
2023,34040330060002,to_in_005,18.4
2023,34040330060402,to_in_005,0.8
2023,34040330060403,to_in_005,1.0
2023,34040330060502,to_in_005,2.8
2023,34040330060005,to_in_005,3.4
2023,34040330060004,to_in_005,8.4
2023,34040330060007,to_in_005,30.6
2023,34040330060101,to_in_005,0.8
2023,34040330060104,to_in_005,1.7
2023,34040330060105,to_in_005,1.2
2023,34040330060102,to_in_005,2.4
2023,34040330060103,to_in_005,0.3
2023,34040330060204,to_in_005,0.6
2023,34040330060912,to_in_005,3.6
2023,34040330060902,to_in_005,1.6
2023,34040330060503,to_in_005,4.1
2023,34040330060501,to_in_005,1.8
2023,34040330060504,to_in_005,1.9
2023,34040330060601,to_in_005,4.4
2023,34040330060604,to_in_005,6.0
2023,34040330060605,to_in_005,4.2
2023,34040330060602,to_in_005,2.6
2023,34040340050204,to_in_005,21.7
2023,34040340050201,to_in_005,10.1
2023,34040340050305,to_in_005,3.5
2023,34040340010002,to_in_005,40.9
2023,34040340030003,to_in_005,2.9
2023,34040340010001,to_in_005,41.2
2023,34040340010003,to_in_005,64.2
2023,34040340050304,to_in_005,2.1
2023,34040340030002,to_in_005,64.4
2023,34040340050302,to_in_005,8.6
2023,34040340020001,to_in_005,50.4
2023,34040340020101,to_in_005,16.0
2023,34040340020203,to_in_005,13.2
2023,34040340020205,to_in_005,11.6
2023,34040340020201,to_in_005,15.3
2023,34040340020204,to_in_005,15.2
2023,34040340050403,to_in_005,4.6
2023,34040340030001,to_in_005,41.7
2023,34040340050007,to_in_005,9.2
2023,34040340050006,to_in_005,35.2
2023,34040340050104,to_in_005,9.8
2023,34040340050203,to_in_005,13.3
2023,34040340050202,to_in_005,12.3
2023,34040340050004,to_in_005,23.9
2023,34040340050001,to_in_005,19.9
2023,34040340040001,to_in_005,34.2
2023,34040340050005,to_in_005,39.5
2023,34040340050106,to_in_005,12.5
2023,34040340050103,to_in_005,12.3
2023,34040340050102,to_in_005,18.9
2023,34040340050105,to_in_005,15.5
2023,34040340050402,to_in_005,3.6
2023,34040340050205,to_in_005,11.7
2023,34040340050003,to_in_005,53.2
2023,34040340050002,to_in_005,39.1
2023,34040340050101,to_in_005,12.9
2023,34040340050107,to_in_005,19.9
2023,34040340060001,to_in_005,33.9
2023,34040340060102,to_in_005,0
2023,34040340060103,to_in_005,0
2023,34040340060101,to_in_005,7.3
2023,34040340060201,to_in_005,0
2023,34040340060204,to_in_005,0
2023,34040340060202,to_in_005,0
2023,34040350010003,to_in_005,38.2
2023,34040350020002,to_in_005,22.2
2023,34040350020005,to_in_005,10.2
2023,34040550040203,to_in_005,26.7
2023,34040350010004,to_in_005,9.2
2023,34040350020007,to_in_005,7.1
2023,34040350020008,to_in_005,14.2
2023,34040350020010,to_in_005,13.4
2023,34040350010002,to_in_005,54.6
2023,34040350010001,to_in_005,36.6
2023,34040350020012,to_in_005,11.9
2023,34040350030102,to_in_005,4.8
2023,34040350020006,to_in_005,44.7
2023,34040350020013,to_in_005,7.0
2023,34040350020003,to_in_005,14.1
2023,34040350020004,to_in_005,23.1
2023,34040350030003,to_in_005,11.0
2023,34040350020009,to_in_005,26.0
2023,34040350020011,to_in_005,3.4
2023,34040350020001,to_in_005,8.8
2023,34040350020201,to_in_005,28.1
2023,34040350030101,to_in_005,9.0
2023,34040350030005,to_in_005,4.0
2023,34040350030201,to_in_005,20.4
2023,34040350060201,to_in_005,7.1
2023,34040350070001,to_in_005,14.4
2023,34040350070101,to_in_005,5.9
2023,34040350070202,to_in_005,8.4
2023,34040350070201,to_in_005,7.2
2023,34040350080001,to_in_005,0
2023,34040350080101,to_in_005,5.2
2023,34040350080102,to_in_005,3.9
2023,34040350030002,to_in_005,35.3
2023,34040350060102,to_in_005,10.2
2023,34040350060202,to_in_005,8.8
2023,34040350030004,to_in_005,17.1
2023,34040350030001,to_in_005,4.6
2023,34040350030103,to_in_005,13.0
2023,34040350080103,to_in_005,5.2
2023,34040350040001,to_in_005,6.6
2023,34040350050102,to_in_005,7.3
2023,34040350050101,to_in_005,5.6
2023,34040350050103,to_in_005,9.1
2023,34040350050201,to_in_005,9.5
2023,34040350050203,to_in_005,4.2
2023,34040350050202,to_in_005,6.0
2023,34040350060001,to_in_005,0
2023,34040350060101,to_in_005,11.8
2023,34040350070104,to_in_005,10.2
2023,34040350070203,to_in_005,6.1
2023,34040350090001,to_in_005,49.1
2023,34040350100001,to_in_005,24.9
2023,34040510010005,to_in_005,79.8
2023,34040350110001,to_in_005,69.3
2023,34040530021402,to_in_005,19.1
2023,34040530021603,to_in_005,14.6
2023,34040350110002,to_in_005,19.8
2023,34040350120003,to_in_005,22.3
2023,34040400060002,to_in_005,5.5
2023,34040510010006,to_in_005,15.6
2023,34040550040202,to_in_005,9.4
2023,34040350120002,to_in_005,48.8
2023,34040400060004,to_in_005,3.0
2023,34040530021601,to_in_005,14.8
2023,34040530021602,to_in_005,10.4
2023,34040350120001,to_in_005,24.7
2023,34040360020003,to_in_005,30.8
2023,34040530021701,to_in_005,6.8
2023,34040530021702,to_in_005,9.4
2023,34040550040201,to_in_005,12.5
2023,34040350130001,to_in_005,47.6
2023,34040520020015,to_in_005,37.9
2023,34040360010001,to_in_005,69.2
2023,34040360030001,to_in_005,97.8
2023,34040360020002,to_in_005,45.6
2023,34040530021703,to_in_005,8.7
2023,34040360020001,to_in_005,80.3
2023,34040530020301,to_in_005,6.1
2023,34040360030002,to_in_005,55.6
2023,34040360040002,to_in_005,54.1
2023,34040530020401,to_in_005,6.3
2023,34040530020404,to_in_005,11.9
2023,34040360040003,to_in_005,88.4
2023,34040360040005,to_in_005,51.5
2023,34040360040004,to_in_005,39.6
2023,34040380020006,to_in_005,45.5
2023,34040360040006,to_in_005,50.8
2023,34040360040001,to_in_005,31.0
2023,34040370010001,to_in_005,38.0
2023,34040510010004,to_in_005,18.8
2023,34040560010404,to_in_005,8.9
2023,34040370020003,to_in_005,65.0
2023,34040390020001,to_in_005,143.6
2023,34040370020005,to_in_005,82.9
2023,34040510010703,to_in_005,8.1
2023,34040510010702,to_in_005,7.2
2023,34040370020001,to_in_005,36.0
2023,34040370020006,to_in_005,70.9
2023,34040370020007,to_in_005,82.5
2023,34040390020002,to_in_005,31.6
2023,34040390020004,to_in_005,99.6
2023,34040510010701,to_in_005,6.8
2023,34040510010802,to_in_005,0
2023,34040510010102,to_in_005,9.6
2023,34040370020002,to_in_005,64.6
2023,34040390030003,to_in_005,86.7
2023,34040370020004,to_in_005,67.8
2023,34040370020101,to_in_005,22.2
2023,34040370020201,to_in_005,24.2
2023,34040370020501,to_in_005,30.3
2023,34040370020502,to_in_005,30.3
2023,34040370020601,to_in_005,1.8
2023,34040370020701,to_in_005,0.8
2023,34040510010801,to_in_005,0
2023,34040510010101,to_in_005,7.6
2023,34040380010001,to_in_005,140.6
2023,34040380020002,to_in_005,83.8
2023,34040530020402,to_in_005,5.8
2023,34040530020403,to_in_005,6.4
2023,34040380020004,to_in_005,92.2
2023,34040530020504,to_in_005,4.9
2023,34040530020502,to_in_005,12.6
2023,34040380020003,to_in_005,126.2
2023,34040400040001,to_in_005,24.8
2023,34040380020005,to_in_005,36.3
2023,34040400010001,to_in_005,27.5
2023,34040530020503,to_in_005,3.2
2023,34040380020001,to_in_005,64.0
2023,34040400030102,to_in_005,0
2023,34040400030103,to_in_005,0
2023,34040400030101,to_in_005,0
2023,34040510010302,to_in_005,31.7
2023,34040390010001,to_in_005,100.0
2023,34040400030202,to_in_005,10.6
2023,34040400030203,to_in_005,12.0
2023,34040400030201,to_in_005,16.2
2023,34040400030204,to_in_005,12.1
2023,34040400030301,to_in_005,0
2023,34040400030304,to_in_005,0
2023,34040400030305,to_in_005,0
2023,34040510010301,to_in_005,27.0
2023,34040390020003,to_in_005,57.3
2023,34040400030302,to_in_005,0
2023,34040400030303,to_in_005,0
2023,34040400030401,to_in_005,27.8
2023,34040400030602,to_in_005,15.9
2023,34040400030601,to_in_005,19.0
2023,34040400030801,to_in_005,23.5
2023,34040530021801,to_in_005,4.9
2023,34040510010402,to_in_005,39.7
2023,34040390020005,to_in_005,80.6
2023,34040400030802,to_in_005,18.4
2023,34040400030901,to_in_005,50.5
2023,34040400031001,to_in_005,8.4
2023,34040400031002,to_in_005,9.5
2023,34040400031003,to_in_005,9.1
2023,34040400031101,to_in_005,11.2
2023,34040530021804,to_in_005,7.3
2023,34040510010401,to_in_005,31.7
2023,34040390030002,to_in_005,88.3
2023,34040400031201,to_in_005,15.4
2023,34040530021802,to_in_005,7.6
2023,34040390030004,to_in_005,103.6
2023,34040400031202,to_in_005,20.1
2023,34040400031302,to_in_005,44.6
2023,34040400031303,to_in_005,22.0
2023,34040400031301,to_in_005,20.4
2023,34040400040005,to_in_005,5.6
2023,34040390030001,to_in_005,100.0
2023,34040400040006,to_in_005,8.3
2023,34040400050304,to_in_005,6.2
2023,34040400050302,to_in_005,11.4
2023,34040400020001,to_in_005,83.5
2023,34040400050305,to_in_005,12.2
2023,34040400050303,to_in_005,8.1
2023,34040400050306,to_in_005,5.9
2023,34040400030001,to_in_005,40.7
2023,34040400030104,to_in_005,0
2023,34040400040003,to_in_005,67.5
2023,34040400050402,to_in_005,12.4
2023,34040400050401,to_in_005,10.2
2023,34040400060005,to_in_005,5.2
2023,34040400040004,to_in_005,68.0
2023,34040400040002,to_in_005,55.1
2023,34040400050001,to_in_005,68.1
2023,34040400050104,to_in_005,11.3
2023,34040400050102,to_in_005,12.3
2023,34040400050103,to_in_005,17.2
2023,34040400050101,to_in_005,9.3
2023,34040400050201,to_in_005,28.1
2023,34040400050202,to_in_005,33.6
2023,34040400050301,to_in_005,9.2
2023,34040510010601,to_in_005,0
2023,34040400060001,to_in_005,53.5
2023,34040400060003,to_in_005,0.1
2023,34040400060103,to_in_005,7.6
2023,34040400060102,to_in_005,10.1
2023,34040400060101,to_in_005,5.8
2023,34040530020501,to_in_005,7.5
2023,34040530020601,to_in_005,15.3
2023,34040510010003,to_in_005,43.1
2023,34040510010008,to_in_005,22.8
2023,34040510010009,to_in_005,33.6
2023,34040530020604,to_in_005,15.2
2023,34040560010409,to_in_005,8.8
2023,34040510010007,to_in_005,15.0
2023,34040510010001,to_in_005,62.4
2023,34040510010002,to_in_005,70.2
2023,34040510010103,to_in_005,6.3
2023,34040560010407,to_in_005,6.1
2023,34040520010001,to_in_005,75.3
2023,34040520010101,to_in_005,13.4
2023,34040520020004,to_in_005,36.1
2023,34040520020014,to_in_005,36.6
2023,34040520020005,to_in_005,38.0
2023,34040530020602,to_in_005,12.4
2023,34040530021903,to_in_005,16.3
2023,34040520020002,to_in_005,30.2
2023,34040520020013,to_in_005,34.6
2023,34040520020006,to_in_005,6.9
2023,34040520020016,to_in_005,31.0
2023,34040530020603,to_in_005,11.2
2023,34040530020701,to_in_005,9.0
2023,34040530021901,to_in_005,8.9
2023,34040520020007,to_in_005,39.2
2023,34040520020017,to_in_005,41.4
2023,34040520020018,to_in_005,5.8
2023,34040520020009,to_in_005,53.1
2023,34040520020001,to_in_005,11.7
2023,34040530020702,to_in_005,6.7
2023,34040520020011,to_in_005,6.9
2023,34040520020008,to_in_005,28.7
2023,34040520020012,to_in_005,7.7
2023,34040520020010,to_in_005,58.9
2023,34040530020802,to_in_005,46.8
2023,34040530020801,to_in_005,50.7
2023,34040530021002,to_in_005,6.4
2023,34040530021902,to_in_005,9.7
2023,34040520020003,to_in_005,74.1
2023,34040520020101,to_in_005,28.4
2023,34040520020102,to_in_005,29.8
2023,34040520020103,to_in_005,22.0
2023,34040520020301,to_in_005,23.5
2023,34040520030001,to_in_005,47.2
2023,34040530021001,to_in_005,11.6
2023,34040530021101,to_in_005,11.8
2023,34040530021104,to_in_005,15.7
2023,34040560010402,to_in_005,7.1
2023,34040530010001,to_in_005,66.5
2023,34040530020005,to_in_005,0
2023,34040530020003,to_in_005,38.8
2023,34040530020001,to_in_005,36.1
2023,34040530020004,to_in_005,17.0
2023,34040530021102,to_in_005,10.6
2023,34040530021103,to_in_005,9.4
2023,34040530021201,to_in_005,7.0
2023,34040530021301,to_in_005,32.5
2023,34040530020002,to_in_005,14.2
2023,34040530020101,to_in_005,6.5
2023,34040530020104,to_in_005,4.7
2023,34040530020102,to_in_005,7.0
2023,34040530020105,to_in_005,7.3
2023,34040530020103,to_in_005,4.5
2023,34040530020106,to_in_005,3.1
2023,34040530020201,to_in_005,8.5
2023,34040530020202,to_in_005,11.1
2023,34040530020203,to_in_005,9.9
2023,34040530021401,to_in_005,10.4
2023,34040530021803,to_in_005,5.0
2023,34040530030001,to_in_005,36.4
2023,34040530030011,to_in_005,19.7
2023,34040530030009,to_in_005,23.3
2023,34040530030101,to_in_005,14.7
2023,34040530030801,to_in_005,0
2023,34040530030004,to_in_005,40.4
2023,34040530030014,to_in_005,21.6
2023,34040530030003,to_in_005,44.5
2023,34040530030013,to_in_005,34.5
2023,34040530030006,to_in_005,10.2
2023,34040530030201,to_in_005,31.6
2023,34040530030202,to_in_005,33.5
2023,34040540010302,to_in_005,15.7
2023,34040530030016,to_in_005,16.6
2023,34040530030005,to_in_005,27.0
2023,34040530030015,to_in_005,23.0
2023,34040530030010,to_in_005,40.5
2023,34040530030008,to_in_005,41.8
2023,34040530030702,to_in_005,41.6
2023,34040530030007,to_in_005,27.2
2023,34040530030017,to_in_005,39.4
2023,34040530030002,to_in_005,19.6
2023,34040530030012,to_in_005,19.4
2023,34040530030102,to_in_005,9.8
2023,34040530030701,to_in_005,42.6
2023,34040550020001,to_in_005,21.3
2023,34040550020004,to_in_005,5.1
2023,34040540010002,to_in_005,28.1
2023,34040540010304,to_in_005,11.1
2023,34040540010301,to_in_005,10.8
2023,34040540010303,to_in_005,15.1
2023,34040540010305,to_in_005,16.6
2023,34040540030201,to_in_005,24.3
2023,34040540030301,to_in_005,19.0
2023,34040540030302,to_in_005,14.9
2023,34040550010101,to_in_005,8.4
2023,34040550020301,to_in_005,26.9
2023,34040540010001,to_in_005,42.5
2023,34040540010103,to_in_005,14.2
2023,34040540010102,to_in_005,18.3
2023,34040540010104,to_in_005,15.6
2023,34040540010101,to_in_005,13.6
2023,34040540010202,to_in_005,12.8
2023,34040540010201,to_in_005,13.0
2023,34040540020001,to_in_005,50.5
2023,34040540020502,to_in_005,15.8
2023,34040540020602,to_in_005,26.9
2023,34040540020601,to_in_005,21.5
2023,34040540020701,to_in_005,8.9
2023,34040540020702,to_in_005,11.3
2023,34040540020703,to_in_005,16.8
2023,34040550020302,to_in_005,27.1
2023,34040540020002,to_in_005,28.7
2023,34040540020101,to_in_005,7.2
2023,34040540020302,to_in_005,12.7
2023,34040540020301,to_in_005,23.3
2023,34040540020401,to_in_005,18.3
2023,34040540020402,to_in_005,21.4
2023,34040540020501,to_in_005,16.7
2023,34040550020303,to_in_005,25.9
2023,34040540030002,to_in_005,30.3
2023,34040540030001,to_in_005,45.0
2023,34040540030101,to_in_005,10.0
2023,34040550020402,to_in_005,7.8
2023,34040540040001,to_in_005,71.2
2023,34040550010001,to_in_005,7.9
2023,34040540040002,to_in_005,63.9
2023,34040540040101,to_in_005,44.4
2023,34040540040201,to_in_005,46.3
2023,34040550010002,to_in_005,5.7
2023,34040550010103,to_in_005,8.3
2023,34040550020002,to_in_005,9.8
2023,34040550020005,to_in_005,6.2
2023,34040550020003,to_in_005,4.1
2023,34040550020101,to_in_005,16.5
2023,34040550020102,to_in_005,13.3
2023,34040550020103,to_in_005,16.2
2023,34040550020202,to_in_005,24.6
2023,34040550020203,to_in_005,13.2
2023,34040550020201,to_in_005,37.8
2023,34040550020204,to_in_005,14.6
2023,34040550030003,to_in_005,54.6
2023,34040550030002,to_in_005,53.8
2023,34040550030001,to_in_005,52.9
2023,34040550030101,to_in_005,38.5
2023,34040550030201,to_in_005,32.9
2023,34040550040002,to_in_005,42.7
2023,34040550040001,to_in_005,30.7
2023,34040550040101,to_in_005,9.5
2023,34040550040102,to_in_005,13.7
2023,34040560010305,to_in_005,17.0
2023,34040550050001,to_in_005,46.8
2023,34040560010002,to_in_005,0
2023,34040560010302,to_in_005,11.0
2023,34040560010304,to_in_005,9.4
2023,34040560010301,to_in_005,8.3
2023,34040560010408,to_in_005,8.8
2023,34040560010405,to_in_005,8.8
2023,34040560010603,to_in_005,11.1
2023,34040560010605,to_in_005,14.7
2023,34040560010602,to_in_005,23.4
2023,34040560010001,to_in_005,37.0
2023,34040560010101,to_in_005,9.1
2023,34040560010206,to_in_005,5.3
2023,34040560010203,to_in_005,4.0
2023,34040560010205,to_in_005,6.2
2023,34040560010202,to_in_005,6.8
2023,34040560010204,to_in_005,10.3
2023,34040560010201,to_in_005,6.6
2023,34040560010401,to_in_005,9.6
2023,34040560010701,to_in_005,32.0
2023,34040560020504,to_in_005,33.3
2023,34040560020502,to_in_005,24.2
2023,34040560020001,to_in_005,64.2
2023,34040560020101,to_in_005,5.3
2023,34040560020102,to_in_005,16.2
2023,34040560020201,to_in_005,15.4
2023,34040560020002,to_in_005,64.2
2023,34040560020505,to_in_005,43.7
2023,34040560020401,to_in_005,119.6
2023,34040560020503,to_in_005,27.5
2023,34040560020506,to_in_005,28.4
2023,34040560020501,to_in_005,28.5
2023,34040560030001,to_in_005,33.0
2023,34040560040001,to_in_005,61.1
2023,34040560040102,to_in_005,27.7
2023,34040560040101,to_in_005,23.2
2023,34040560040201,to_in_005,30.9
2023,34040560040202,to_in_005,41.2
2023,34040560040302,to_in_005,23.4
2023,34040560040303,to_in_005,15.7
2023,34040560040301,to_in_005,20.8
2023,34040560040304,to_in_005,18.2
